卷,题号,题型,章,原考点标签,题干摘要,答案要点,图片题,备注,规范考点,规范章,章名
02331 数据结构 2017年4月,1,单选,C1,算法及其五个特性,关于算法的不正确叙述,A；算法不限于数值计算问题,否,-,算法的定义与五个特性,C1,第1章 绪论
02331 数据结构 2017年4月,2,单选,C2,顺序存储与链式存储比较,栈中逻辑相邻元素是否物理相邻,"D；顺序存储一定相邻,链式不一定",否,-,顺序存储与链式存储的特点比较,C2,第2章 线性表
02331 数据结构 2017年4月,3,单选,C2,单循环链表遍历结束条件,带头结点单循环链表遍历结束条件,C；p==head,否,-,单循环链表尾结点与遍历条件,C2,第2章 线性表
02331 数据结构 2017年4月,4,单选,C3,出栈序列合法性判定,"入栈序列1,2,3,4,5可能的出栈序列","D；3,4,2,1,5",否,-,合理出栈序列判定,C3,第3章 栈和队列
02331 数据结构 2017年4月,5,单选,C4,多维数组行主序地址计算,"行优先A[2][3]首址10,求A[1][2]地址",D；LOC=10+(1*3+2)=15,否,-,多维数组行主序地址计算,C4,第4章 数组、广义表和串
02331 数据结构 2017年4月,6,单选,C4,广义表表头表尾,"广义表((a,b),(c,d))的表尾","D；((c,d))",否,-,广义表表头表尾运算,C4,第4章 数组、广义表和串
02331 数据结构 2017年4月,7,单选,C5,完全二叉树结点数计算,"完全二叉树20个终端结点,结点数最多",C；40,否,"原解析未给计算过程,仅照抄定义",完全二叉树结点数与叶结点计算,C5,第5章 树与二叉树
02331 数据结构 2017年4月,8,单选,C5,中序线索二叉树线索指向,中序线索化后结点f右指针所指结点,D；e,是,"二叉树图缺失,据中序线索规则与选项推断",线索二叉树与线索化,C5,第5章 树与二叉树
02331 数据结构 2017年4月,9,单选,C6,强连通图最少边数,含n个顶点的强连通有向图最少边数,B；n,否,-,连通图与强连通图边数极值,C6,第6章 图结构
02331 数据结构 2017年4月,10,单选,C6,广度优先遍历序列判定,从顶点a出发不可能得到的BFS序列,"C；a,c,e,b,d,f",是,"邻接图缺失,据BFS层次规则与解析推断",深度优先与广度优先搜索,C6,第6章 图结构
02331 数据结构 2017年4月,11,单选,C7,排序算法稳定性判断,下列排序算法中稳定的是,C；冒泡排序,否,-,排序算法稳定性判断,C7,第7章 内部排序
02331 数据结构 2017年4月,12,单选,C7,比较次数与初始状态无关的排序,比较次数与初始排列次序无关的排序,B；直接选择排序,否,"选项C""泡排序""为OCR缺字,应为冒泡排序",排序算法与初始状态的关系,C7,第7章 内部排序
02331 数据结构 2017年4月,13,单选,C8,二叉排序树中序遍历有序,二叉排序树何种遍历得递增有序序列,B；中序遍历,否,-,二叉排序树中序遍历有序,C8,第8章 查找
02331 数据结构 2017年4月,14,单选,C8,拉链法解决散列冲突,H(key)=key%11拉链法地址0链的结点数,C；22、88、11共3个,否,-,散列冲突解决方法,C8,第8章 查找
02331 数据结构 2017年4月,15,单选,C8,B树插入与结点分裂,3阶B树插入65后根结点内的关键字,D；65,是,"B树图缺失,据答案解析的分裂过程推断",B树插入与结点分裂,C8,第8章 查找
02331 数据结构 2017年4月,16,填空,C8,散列方法基本思想,散列方法据关键字直接计算元素的____,存储地址,否,-,散列基本思想与散列函数构造,C8,第8章 查找
02331 数据结构 2017年4月,17,填空,C2,线性表存储结构的选择,频繁增删的线性表宜选____存储结构,链式,否,-,线性表存储结构的选择,C2,第2章 线性表
02331 数据结构 2017年4月,18,填空,C3,中缀表达式转后缀表达式,中缀表达式9+(6-2)*8的后缀表达式,962-8*+,否,-,中缀表达式转后缀表达式,C3,第3章 栈和队列
02331 数据结构 2017年4月,19,填空,C5,二叉树叶子结点与度为2结点关系,叶子数n0与度2结点数n2的关系,n2=n0-1,否,-,二叉树性质计算,C5,第5章 树与二叉树
02331 数据结构 2017年4月,20,填空,C5,由前序中序序列还原二叉树,"前序A,B,C,D中序B,A,D,C求后序序列",BDCA,否,-,由前序中序序列构造二叉树,C5,第5章 树与二叉树
02331 数据结构 2017年4月,21,填空,C5,哈夫曼树定义与带权路径长度,带权路径长度最小的二叉树称为哈夫曼树,带权路径长度,否,-,哈夫曼树构造与带权路径长度,C5,第5章 树与二叉树
02331 数据结构 2017年4月,22,填空,C6,拓扑排序时间复杂度,邻接表存n顶点e边DAG拓扑排序时间复杂度,O(n+e),否,-,拓扑排序时间复杂度,C6,第6章 图结构
02331 数据结构 2017年4月,23,填空,C6,生成树定义,含G所有顶点的树的子图称为____,生成树,否,-,生成树的定义,C6,第6章 图结构
02331 数据结构 2017年4月,24,填空,C8,二分查找的前提条件,二分查找要求表有序并且____,顺序存储,否,-,二分查找前提条件,C8,第8章 查找
02331 数据结构 2017年4月,25,填空,C7,基数排序时间复杂度影响因素,影响基数排序时间复杂度的主要因素,基数大小,否,-,各排序算法时间复杂度,C7,第7章 内部排序
02331 数据结构 2017年4月,26,解答,C6,克鲁斯卡尔算法求最小生成树,带权无向图G求最小生成树并写选中边次序,(1)画最小生成树；(2)按被选次序写出各边顶点与权值,是,"题图缺失;答案区仅""1,2,3,4,5"",明显残缺",克鲁斯卡尔算法求最小生成树,C6,第6章 图结构
02331 数据结构 2017年4月,27,解答,C8,线性探查法与二次探查法,"长11散列表插入38,求插入位置与探查次数",(1)下标8；(2)下标4；(3)探查次数4和3,是,"散列表当前状态图缺失,据答案解析推断",线性探查法探查次数计算,C8,第8章 查找
02331 数据结构 2017年4月,28,解答,C6,拓扑排序算法实现与栈的作用,拓扑排序用栈存入度0顶点的目的;换队列是否可行,减少找入度0顶点的时间提高效率；换成队列仍可实现,否,-,拓扑排序算法实现与辅助栈,C6,第6章 图结构
02331 数据结构 2017年4月,29,解答,C7,排序方法的选择与比较,省空间/结果稳定/快速取较大关键字分别选哪种排序,堆排序；归并排序；堆排序,否,-,排序方法的选择与比较,C7,第7章 内部排序
02331 数据结构 2017年4月,30,算法,C2,链表求最大值算法阅读,"阅读f30,写出输出结果并说明功能",88；返回链表中各结点值最大的结点,是,"程序为图片缺失,据答案解析推断",单链表算法阅读与功能分析,C2,第2章 线性表
02331 数据结构 2017年4月,31,算法,C2,链表逆序输出算法填空,"f31逆序输出链表各结点数据域,填空",(1)return；(2)head->data,是,"程序为图片缺失,据题干功能描述与答案推断",单链表逆置与逆序输出算法,C2,第2章 线性表
02331 数据结构 2017年4月,32,算法,C6,邻接矩阵统计边数算法填空,"f32统计有向图边数,填空",(1)i++；(2)j=0；(3)A[i][j]>0,是,"程序为图片缺失,据答案三处空白推断",邻接矩阵相关算法填空,C6,第6章 图结构
02331 数据结构 2017年4月,33,算法,C5,求二叉树高度算法填空,"f33求二叉树高度,在空白处填空",(1)bt==null；(2)hl>hr；(3)return(hr+1),是,"程序为图片缺失,据答案(hr+1)推断为求高度",求二叉树高度的算法,C5,第5章 树与二叉树
02331 数据结构 2017年4月,34,算法,C5,二叉树结点计数算法设计,编写SearchXNum统计数据域≥x的结点数,"递归：T为null返回0,否则n+左子树+右子树递归值",是,"程序框架为图片,据答案与题干推断",二叉树结点计数算法设计,C5,第5章 树与二叉树
02331 数据结构 2020年10月,1,单选,C1,数据结构研究的基本内容,数据结构研究的基本内容,A；逻辑结构、存储结构与对数据元素的操作,否,-,数据结构的研究内容与三要素,C1,第1章 绪论
02331 数据结构 2020年10月,2,单选,C1,算法时间复杂度,评价算法好坏的重要指标之一,D；算法的时间复杂度,否,-,算法时间复杂度,C1,第1章 绪论
02331 数据结构 2020年10月,3,单选,C2,顺序表插入平均移动次数,长n顺序表等概率插入元素的平均移动次数,B；n/2,否,-,顺序表插入删除移动元素个数,C2,第2章 线性表
02331 数据结构 2020年10月,4,单选,C2,单链表表头插入结点语句,带头结点单链表表头插入p所指结点的语句序列,D；p->next=head->next;head->next=p,否,-,单链表插入结点指针操作语句,C2,第2章 线性表
02331 数据结构 2020年10月,5,单选,C3,后缀表达式求值用栈,后缀表达式求值过程中用到的数据结构,B；一个保存操作数及运算结果的栈,否,-,后缀表达式求值使用栈,C3,第3章 栈和队列
02331 数据结构 2020年10月,6,单选,C4,广义表表头表尾,"广义表LS=(((a),(b)),((c,(d)),(e,(f))),(g,h))的表尾","D；(((c,(d)),(e,(f))),(g,h))",否,-,广义表表头表尾运算,C4,第4章 数组、广义表和串
02331 数据结构 2020年10月,7,单选,C5,二叉树性质判断(题面缺失),"题干与选项均为图片,仅存A~D字母",A,是,题干与选项全为图片，仅存A~D选项；OCR 后仍未确定考点，按本卷章序推为C5,二叉树性质计算,C5,第5章 树与二叉树
02331 数据结构 2020年10月,8,单选,C5,哈夫曼树性质判定,关于哈夫曼树的正确叙述,B；是带权路径长度WPL最小的二叉树,否,-,哈夫曼树性质判定,C5,第5章 树与二叉树
02331 数据结构 2020年10月,9,单选,C5,树转二叉树与遍历对应关系,树T与等价二叉树T1后序遍历序列相同的是,B；中序遍历序列,否,-,树与二叉树遍历对应关系,C5,第5章 树与二叉树
02331 数据结构 2020年10月,10,单选,C6,单源最短路径算法选择,带权图求一顶点到其余各顶点最短路径的算法,D；迪杰斯特拉算法,否,-,最短路径算法选择与路径长度,C6,第6章 图结构
02331 数据结构 2020年10月,11,单选,C6,拓扑序列与有向无环图,图G存在拓扑序列的正确结论,D；图G是一个有向无环图,否,-,拓扑序列的存在条件,C6,第6章 图结构
02331 数据结构 2020年10月,12,单选,C7,内排序基本概念,内排序过程中待排序数据保存在,B；内存储器中,否,-,内排序基本概念,C7,第7章 内部排序
02331 数据结构 2020年10月,13,单选,C7,比较次数与初始状态无关的排序,比较次数与初始排列次序无关的排序,D；直接选择排序,否,-,排序算法与初始状态的关系,C7,第7章 内部排序
02331 数据结构 2020年10月,14,单选,C8,散列查找时间复杂度,散列查找能达到的最好时间复杂度,A；O(1),否,-,散列表平均查找长度与装填因子,C8,第8章 查找
02331 数据结构 2020年10月,15,单选,C8,二分查找判定树性质,关于二分查找判定树T的正确叙述,A；T是一棵二叉树,否,"存疑:部分教材称判定树为近似满二叉树,与选项C""完全二叉树""易混",二分查找判定树,C8,第8章 查找
02331 数据结构 2020年10月,16,填空,C1,算法及其五个特性,算法五个准则:输入、输出、有穷性、确定性和____,可行性,否,-,算法的定义与五个特性,C1,第1章 绪论
02331 数据结构 2020年10月,17,填空,C2,顺序表元素存储地址计算,"100个元素的顺序表首址1000,第二元素1004,求末元素地址",1396,否,-,顺序表元素存储地址计算,C2,第2章 线性表
02331 数据结构 2020年10月,18,填空,C3,循环队列判满条件,长M数组循环队列队满的条件表达式,(rear+1)%M==front,否,-,循环队列判空判满条件,C3,第3章 栈和队列
02331 数据结构 2020年10月,19,填空,C4,广义表长度与深度,广义表(())的长度,1,否,-,广义表长度计算,C4,第4章 数组、广义表和串
02331 数据结构 2020年10月,20,填空,C5,完全二叉树深度计算,含n个结点的完全二叉树的深度,[log2n]+1（或[log2(n+1)]）,否,"原答案OCR为""[log n]+1(或]log(n+1))"",疑为[log2(n+1)]",完全二叉树深度计算,C5,第5章 树与二叉树
02331 数据结构 2020年10月,21,填空,C6,邻接矩阵对称性判断,"邻接矩阵不对称,则图G一定是____图",有向,否,-,图的邻接矩阵表示与对称性,C6,第6章 图结构
02331 数据结构 2020年10月,22,填空,C6,顶点表示活动的AOV网定义,顶点表活动、边表先后关系的DAG称____网,顶点活动(AOV)网,否,-,AOV网与有向无环图,C6,第6章 图结构
02331 数据结构 2020年10月,23,填空,C7,排序稳定性定义,相同关键字记录相对次序不变称排序方法____,稳定,否,-,排序算法稳定性判断,C7,第7章 内部排序
02331 数据结构 2020年10月,24,填空,C8,二叉排序树中序遍历有序,对二叉排序树进行____遍历得所有结点的有序序列,中序,否,-,二叉排序树中序遍历有序,C8,第8章 查找
02331 数据结构 2020年10月,25,填空,C8,B树非根结点关键字个数范围,25阶B树非根结点内关键字个数至少,12,否,-,B树非根结点关键字个数范围,C8,第8章 查找
02331 数据结构 2020年10月,26,解答,C3,中缀表达式转后缀表达式,"中缀表达式a*(b+c)转后缀,画栈变化过程",后缀表达式abc+*；画出转换过程中栈的变化,否,"答案区仅残留页眉,答图未抽出",中缀表达式转后缀表达式,C3,第3章 栈和队列
02331 数据结构 2020年10月,27,解答,C5,由前序中序序列还原二叉树,"前序adbce、中序daceb,画二叉树并画后序线索",画出二叉树T并标出T的后序线索,否,"答案区为图片,未抽出",由前序中序序列构造二叉树,C5,第5章 树与二叉树
02331 数据结构 2020年10月,28,解答,C6,克鲁斯卡尔算法求最小生成树,按克鲁斯卡尔思想依次写出进入最小生成树的边,"按权值从小到大选边且不构成回路,共n-1条边",是,题28图缺失;题干据希赛网公布的2020年10月真题补全,克鲁斯卡尔算法求最小生成树,C6,第6章 图结构
02331 数据结构 2020年10月,29,解答,C7,建立大根堆的过程,"序列(19,14,23,01,68,79,84,27,55,11,10)建大根堆过程",画出从最后一个非叶结点起逐次筛选调整后的大根堆,否,"答案区为图片,未抽出",建立大根堆的过程,C7,第7章 内部排序
02331 数据结构 2020年10月,30,算法,C1,递归程序阅读与执行过程分析,阅读f30递归程序，写输出并描述递归执行过程,"(1)f30(-1)=0,f30(1)=1,f30(5)=9；(2)递归执行过程",是,OCR补出题面(f30递归函数与main)；原卷答案区为空，答案由标注推导,递归程序阅读与执行过程分析,C1,第1章 绪论
02331 数据结构 2020年10月,31,算法,C2,顺序表最值下标差算法填空,顺序表算法填空,(1)-1；(2)L.length；(3)pmax-pmin,是,程序为图片;据三处空白答案推为求最值下标之差,顺序表算法阅读与设计,C2,第2章 线性表
02331 数据结构 2020年10月,32,算法,C2,单链表逆置算法填空,带头结点单链表算法填空,(1)null；(2)head->next；(3)head->next,是,程序为图片;据三处空白反推为头插法逆置单链表,单链表逆置与逆序输出算法,C2,第2章 线性表
02331 数据结构 2020年10月,33,算法,C7,希尔排序程序阅读与填空,"阅读f33程序,写出输出结果、填空并说明功能","(1)2,10,12,24,33,43,50,66,88；(2)增量序列；(3)对数组a进行希尔排序",是,"程序为图片;答案(1)OCR串字为""2,10.12.24,3343,50,66,88"",已校正",排序算法程序阅读与填空,C7,第7章 内部排序
02331 数据结构 2020年10月,34,算法,C5,求中序遍历首末结点算法设计,编写FirstLast求中序序列首末结点的data值,中序第一个为最左下结点，最后一个为最右下结点,是,"OCR补出题面(原型void FirstLast(BinTree,int*,int*))；原卷答案区为空",二叉树遍历递归算法设计,C5,第5章 树与二叉树
02331 数据结构 2016年4月,1,单选,C1,线性结构与非线性结构判定,属于非线性数据结构的是,C,否,-,线性结构与非线性结构判定,C1,第1章 绪论
02331 数据结构 2016年4月,2,单选,C1,数据结构指逻辑结构与存储结构,算法加数据结构等于程序中数据结构的含义,A,否,-,数据结构的研究内容与三要素,C1,第1章 绪论
02331 数据结构 2016年4月,3,单选,C2,顺序存储逻辑相邻则物理相邻,线性表顺序存储时逻辑相邻元素的存储地址,A,否,-,顺序存储与链式存储的特点比较,C2,第2章 线性表
02331 数据结构 2016年4月,4,单选,C3,合理出栈序列判定,1至5依次入栈不可能得到的出栈序列,C,否,-,合理出栈序列判定,C3,第3章 栈和队列
02331 数据结构 2016年4月,5,单选,C2,顺序表元素存储地址计算,A[0]地址4000每元素5单元求A[20]地址,C,否,原卷解析空白，答案据首地址加20乘5推算,顺序表元素存储地址计算,C2,第2章 线性表
02331 数据结构 2016年4月,6,单选,C4,广义表表头表尾运算,广义表A的head(head(tail(A)))运算结果,B,否,-,广义表表头表尾运算,C4,第4章 数组、广义表和串
02331 数据结构 2016年4月,7,单选,C5,度为0和2的二叉树最少结点数,高度h且只有度0和2结点的二叉树最少结点数,B,否,原卷解析文字残缺,度为0与度2结点的二叉树,C5,第5章 树与二叉树
02331 数据结构 2016年4月,8,单选,C5,前序遍历与后序遍历序列相反,前序与后序序列正好相反的二叉树特征,C,否,题干被页眉插入分隔,二叉树遍历序列特点,C5,第5章 树与二叉树
02331 数据结构 2016年4月,9,单选,C6,邻接矩阵求顶点度,由邻接矩阵求各顶点的度,C,否,邻接矩阵为图片缺失，据答案推断,邻接矩阵求顶点度,C6,第6章 图结构
02331 数据结构 2016年4月,10,单选,C6,深度优先遍历序列判定,从顶点a出发深度优先遍历的正确序列,B,是,题10图缺失，据答案与选项的相邻访问关系推断为DFS序列,深度优先与广度优先搜索,C6,第6章 图结构
02331 数据结构 2016年4月,11,单选,C6,最小生成树的性质,含n个顶点的带权连通图最小生成树T的叙述,D,否,-,最小生成树的性质,C6,第6章 图结构
02331 数据结构 2016年4月,12,单选,C7,排序算法的稳定性判定,要求稳定排序时应选择的算法,C,否,-,排序算法稳定性判断,C7,第7章 内部排序
02331 数据结构 2016年4月,13,单选,C7,排序算法空间复杂度比较,空间复杂度最差的排序算法,A,否,原卷解析空白,排序算法空间复杂度比较,C7,第7章 内部排序
02331 数据结构 2016年4月,14,单选,C7,排序时间与初始状态的关系,初始数据有序时反而花费时间更多的算法,C,否,-,排序算法与初始状态的关系,C7,第7章 内部排序
02331 数据结构 2016年4月,15,单选,C8,二分查找的前提条件,对线性表二分查找必须满足的条件,B,否,-,二分查找前提条件,C8,第8章 查找
02331 数据结构 2016年4月,18,填空,C3,栈和队列的定义,只能在线性表两端插入删除的两种逻辑结构,栈和队列,否,原卷题号18；本卷原卷填空16、17及全部大题在PDF中缺失,栈与队列的定义与特性,C3,第3章 栈和队列
02331 数据结构 2016年4月,19,填空,C4,广义表长度计算,"广义表A=(x,(y,z,(u,v,w)))的长度",2,否,原卷题号19,广义表长度计算,C4,第4章 数组、广义表和串
02331 数据结构 2016年4月,20,填空,C5,树的后序遍历与二叉树中序遍历对应,树的后序遍历序列与对应二叉树何种遍历序列相同,中,否,原卷题号20,树与二叉树遍历对应关系,C5,第5章 树与二叉树
02331 数据结构 2016年4月,21,填空,C6,邻接矩阵对称性判定,有向图无向图中邻接矩阵一定对称的图,无向图,否,原卷题号21,图的邻接矩阵表示与对称性,C6,第6章 图结构
02331 数据结构 2016年4月,22,填空,C6,迪杰斯特拉算法求单源最短路径,求某顶点到其余各顶点最短路径宜选用的算法,迪杰斯特拉,否,原卷题号22,迪杰斯特拉算法求最短路径,C6,第6章 图结构
02331 数据结构 2016年4月,23,填空,C7,希尔排序一趟结果,间隔为3时希尔排序第一趟的排序结果,"28,4,53,63,72,97,84",否,原卷题号23,希尔排序过程与结果,C7,第7章 内部排序
02331 数据结构 2016年4月,24,填空,C8,顺序查找成功平均查找长度,15个关键字的顺序表查找成功平均查找长度,8,否,原卷题号24,顺序查找平均查找长度,C8,第8章 查找
02331 数据结构 2016年4月,25,填空,C8,二叉排序树查找过程,当前结点关键字大于待查关键字时的查找方向,左,否,原卷题号25；本卷仅存23题，原卷大题区整体缺失,二叉排序树查找过程,C8,第8章 查找
02331 数据结构 2025年4月【广东】,1,单选,C1,数据元素与数据类型基本概念,关于数据数据元素与数据类型说法正确的是,D,否,-,数据元素、数据项与数据类型,C1,第1章 绪论
02331 数据结构 2025年4月【广东】,2,单选,C3,栈的定义与后进先出特性,关于栈的说法正确的是,C,否,-,栈与队列的定义与特性,C3,第3章 栈和队列
02331 数据结构 2025年4月【广东】,3,单选,C4,广义表深度计算,所列广义表中深度为2的是,B,否,原卷解析对D项深度判断有误，LS4深度应为3，仅B正确,广义表深度计算,C4,第4章 数组、广义表和串
02331 数据结构 2025年4月【广东】,4,单选,C4,二维数组行优先地址计算,行优先存储时二维数组第i行第j列的索引计算式,B,否,-,多维数组行主序地址计算,C4,第4章 数组、广义表和串
02331 数据结构 2025年4月【广东】,5,单选,C5,二叉树第i层最多结点数,二叉树第i层上至多的结点数,C,否,OCR丢失上标，选项C实为2的i减1次方,二叉树性质计算,C5,第5章 树与二叉树
02331 数据结构 2025年4月【广东】,6,单选,C5,树的定义与基本术语,关于树的说法正确的是,A,否,-,树与二叉树基本概念,C5,第5章 树与二叉树
02331 数据结构 2025年4月【广东】,7,单选,C5,满二叉树与完全二叉树区别,关于满二叉树和完全二叉树说法正确的是,C,否,-,树与二叉树基本概念,C5,第5章 树与二叉树
02331 数据结构 2025年4月【广东】,8,单选,C6,广度优先搜索时间复杂度,邻接矩阵与邻接表上广度优先搜索的复杂度,B,否,-,图的遍历时间复杂度,C6,第6章 图结构
02331 数据结构 2025年4月【广东】,9,单选,C8,二分查找特点与判定树,关于二分查找说法正确的是,D,否,-,二分查找判定树,C8,第8章 查找
02331 数据结构 2025年4月【广东】,10,单选,C8,平均查找长度计算公式,等概率下平均查找长度的计算公式,A,否,题干含LaTeX公式，抽取后转写为普通文字,查找基本概念,C8,第8章 查找
02331 数据结构 2025年4月【广东】,11,填空,C1,非线性结构的一对多特征,非线性结构结点间一对多或多对多的关系,一对多,否,-,线性结构与非线性结构判定,C1,第1章 绪论
02331 数据结构 2025年4月【广东】,12,填空,C1,数据的运算定义在逻辑结构上,数据的运算定义在数据的何种结构上,逻辑结构,否,-,逻辑结构与存储结构,C1,第1章 绪论
02331 数据结构 2025年4月【广东】,13,填空,C2,单链表结点指针域指向直接前驱,单链表结点存储地址存放在哪个结点的指针域,直接前趋,否,-,单链表结点关系与终端结点判定,C2,第2章 线性表
02331 数据结构 2025年4月【广东】,14,填空,C4,数组行优先存储顺序,数组在C语言中按何种优先顺序存储,行,否,-,数组行优先存储顺序,C4,第4章 数组、广义表和串
02331 数据结构 2025年4月【广东】,15,填空,C4,稀疏矩阵的定义,非零元素个数远小于元素总数的矩阵名称,稀疏矩阵,否,-,稀疏矩阵的定义,C4,第4章 数组、广义表和串
02331 数据结构 2025年4月【广东】,16,填空,C4,广义表的递归性质,广义表描述中用到自身所体现的性质,递归,否,-,广义表空表与递归性质,C4,第4章 数组、广义表和串
02331 数据结构 2025年4月【广东】,17,填空,C5,树与森林的关系,删除树的根结点后得到的结构,森林,否,-,树与森林的关系,C5,第5章 树与二叉树
02331 数据结构 2025年4月【广东】,18,填空,C7,堆排序时间复杂度,堆排序算法的时间复杂度,O(nlog2n),否,原卷写作On log2n，OCR丢失上标,各排序算法时间复杂度,C7,第7章 内部排序
02331 数据结构 2025年4月【广东】,19,填空,C8,分块查找过程,分块查找首先查找何种表,索引表,否,-,分块查找前提条件与过程,C8,第8章 查找
02331 数据结构 2025年4月【广东】,20,填空,C8,二叉排序树的有序性,二叉排序树左子树结点值与根结点值的大小关系,小于,否,-,二叉排序树结点关键字大小关系,C8,第8章 查找
02331 数据结构 2025年4月【广东】,21,解答,C3,循环队列判满条件,定义循环队列结点并写出队列为满的条件,定义SeqQueue结构；少用一个元素空间时尾指针加1等于头指针；或用标志位区分空满,否,-,循环队列判空判满条件,C3,第3章 栈和队列
02331 数据结构 2025年4月【广东】,22,解答,C3,中缀表达式转后缀表达式,写出(8+2*5)/7转为后缀表达式的过程,8 2 5 * + 7 /,是,题目表格与答案均缺失；后缀式由算术表达式推导,中缀表达式转后缀表达式,C3,第3章 栈和队列
02331 数据结构 2025年4月【广东】,23,解答,C2,顺序表与链表的选择应用,应用中如何选择顺序表和链表,按时间性能查找多用顺序表插入删除多用链表；长度变化大用链表,否,-,线性表存储结构的选择,C2,第2章 线性表
02331 数据结构 2025年4月【广东】,24,解答,C8,二叉排序树的构造与形态,两个插入序列生成的二叉排序树是否一样并画图,不一样；两序列生成的二叉排序树形态不同,是,答案仅有文字不一样，两棵BST图形缺失,二叉排序树构造形态与高度,C8,第8章 查找
02331 数据结构 2025年4月【广东】,25,解答,C7,快速排序各趟划分结果,以首元素为基准写出快速排序每一趟结果,[35 18 23]42[67 54]；[23 18]35 42[54]67；[18]23 35 42 54 67；第四趟同第三趟,否,-,快速排序划分过程,C7,第7章 内部排序
02331 数据结构 2025年4月【广东】,26,算法,C4,矩阵与其转置矩阵相加算法,阅读算法给出矩阵B结果并说明f26功能,B为A与其转置矩阵之和；功能是求矩阵A和它的转置矩阵之和,是,矩阵A图形与第(1)问答案缺失，功能据答案文字推断,数组与矩阵算法阅读分析,C4,第4章 数组、广义表和串
02331 数据结构 2025年4月【广东】,27,算法,C2,单链表直接选择排序算法,函数f27的功能及在单链表上的时间复杂度,基于单链表的直接选择排序；时间复杂度O(n^2)与顺序存储相同,是,算法代码为图片缺失，据答案推断,单链表算法阅读与功能分析,C2,第2章 线性表
02331 数据结构 2025年4月【广东】,28,算法,C5,由前序中序序列构造二叉树,在前序中序构造二叉树的函数空白处填语句,createNode(preOrder[first])；first；last,是,函数体图片缺失，据答案三个空推断,由前序中序序列构造二叉树,C5,第5章 树与二叉树
02331 数据结构 2025年4月【广东】,29,算法,C2,合并两个升序双向链表,在合并两个升序双链表的函数空白处填语句,list1->val小于list2->val；tail=tail->next；list1->prev=tail,是,函数体图片缺失，据答案三个空推断,双向链表操作与构造,C2,第2章 线性表
02331 数据结构 2025年4月【广东】,30,算法,C6,图的广度优先搜索算法设计,用队列编写邻接表存储图的广度优先搜索算法,队列存已访问顶点，邻接表逐个取未访问邻接点入队,是,OCR补出题面与参考程序(ALGraph+BFS，答案不唯一)；原卷答案区已给参考代码,图的广度优先搜索算法设计,C6,第6章 图结构
02331 数据结构 2018年10月,1,单选,C1,线性结构与非线性结构,下列数据结构中逻辑结构不同的是,D,否,-,线性结构与非线性结构判定,C1,第1章 绪论
02331 数据结构 2018年10月,2,单选,C2,顺序表元素存储地址计算,首元素地址1000、第6元素1040求末元素地址,B,否,-,顺序表元素存储地址计算,C2,第2章 线性表
02331 数据结构 2018年10月,3,单选,C3,合理出栈序列判定,1~5依次入栈，不能得到的出栈序列,D,否,-,合理出栈序列判定,C3,第3章 栈和队列
02331 数据结构 2018年10月,4,单选,C2,单链表结点关系判断语句,判断p所指结点为尾结点前一结点的表达式,B,否,-,单链表结点关系与终端结点判定,C2,第2章 线性表
02331 数据结构 2018年10月,5,单选,C4,广义表深度计算,求广义表LS的深度,B,否,题干括号被OCR残缺，据答案与卷型推断,广义表深度计算,C4,第4章 数组、广义表和串
02331 数据结构 2018年10月,6,单选,C5,完全二叉树叶结点个数计算,第5层有5个叶结点时叶结点个数最少,C,否,-,完全二叉树结点数与叶结点计算,C5,第5章 树与二叉树
02331 数据结构 2018年10月,7,单选,C5,由前序中序序列还原二叉树,已知前序、中序序列求后序遍历序列,C,否,原卷页眉插在选项与答案之间,由前序中序序列构造二叉树,C5,第5章 树与二叉树
02331 数据结构 2018年10月,8,单选,C6,邻接矩阵0与1的个数,邻接矩阵M中0与1的个数差,D,否,-,邻接矩阵元素统计与含义,C6,第6章 图结构
02331 数据结构 2018年10月,9,单选,C6,有向图度与边数关系,顶点度数之和为24，求弧的数量,B,否,-,图的顶点度与边数计算,C6,第6章 图结构
02331 数据结构 2018年10月,10,单选,C6,邻接表深度优先遍历时间复杂度,邻接表存储时有向图DFS的时间复杂度,C,否,选项B被OCR成O(口)，据解析应为O(e),图的遍历时间复杂度,C6,第6章 图结构
02331 数据结构 2018年10月,11,单选,C7,二路归并排序过程与结果,二路归并排序两趟后的结果,B,否,解析中一趟结果OCR错（1526成1416）,二路归并排序各趟结果,C7,第7章 内部排序
02331 数据结构 2018年10月,12,单选,C7,排序算法稳定性判断,下列不稳定的排序方法,A,否,-,排序算法稳定性判断,C7,第7章 内部排序
02331 数据结构 2018年10月,13,单选,C7,堆排序初始堆建立,堆排序降序排序建立的初始堆,B,否,建堆过程为图片，据选项与解析定夺,建立大根堆的过程,C7,第7章 内部排序
02331 数据结构 2018年10月,14,单选,C8,二叉排序树结点大小关系,n所在结点是m所在结点的孩子，则n与m关系,D,否,-,二叉排序树结点关键字大小关系,C8,第8章 查找
02331 数据结构 2018年10月,15,单选,C8,线性探测法探查次数计算,线性探测法查找关键字36的探查次数,C,否,解析末句“49”疑为关键字36的OCR错,线性探查法探查次数计算,C8,第8章 查找
02331 数据结构 2018年10月,16,填空,C1,数据项的定义,数据项是具有独立含义的____标识单位,最小,否,-,数据元素、数据项与数据类型,C1,第1章 绪论
02331 数据结构 2018年10月,17,填空,C2,单链表插入结点语句,在q所指结点后插入r所指结点所缺语句,q->next=r,否,-,单链表插入结点指针操作语句,C2,第2章 线性表
02331 数据结构 2018年10月,18,填空,C1,递归终止条件,递归算法设计中的最小子问题称为,终止条件（递归出口）,否,-,递归终止条件,C1,第1章 绪论
02331 数据结构 2018年10月,19,填空,C4,广义表表头表尾,"求广义表((a,b),(c,d),e,(f(g,h)))的表尾","((c,d)，e，(f(g,h)))",否,-,广义表表头表尾运算,C4,第4章 数组、广义表和串
02331 数据结构 2018年10月,20,填空,C5,由前序后序序列确定二叉树,已知前序与后序序列，二叉树是否确定,不唯一（不能）,否,-,由遍历序列唯一确定二叉树,C5,第5章 树与二叉树
02331 数据结构 2018年10月,21,填空,C6,拓扑序列个数与不唯一条件,拓扑序列不唯一须存在出度至少几的顶点,2,否,-,拓扑序列个数与唯一性,C6,第6章 图结构
02331 数据结构 2018年10月,22,填空,C5,树与二叉树相互转换,森林转二叉树后A是B的何种结点,右孩子,否,-,树与森林转二叉树,C5,第5章 树与二叉树
02331 数据结构 2018年10月,23,填空,C7,快速排序时间复杂度,快速排序的平均时间复杂度,O(nlog2n),否,-,各排序算法时间复杂度,C7,第7章 内部排序
02331 数据结构 2018年10月,24,填空,C8,散列冲突解决方法,解决冲突的另一大类方法,拉链法（链地址法）,否,-,散列冲突解决方法,C8,第8章 查找
02331 数据结构 2018年10月,25,填空,C8,二分查找平均查找长度ASL,8个关键字有序表二分查找的ASL,21/8（2.625）,否,-,二分查找平均查找长度,C8,第8章 查找
02331 数据结构 2018年10月,26,解答,C5,哈夫曼树构造与编码,5个字符构造哈夫曼树、给出编码并算总长,总长263；编码表见图,否,树形与编码表为图片，OCR已得编码表,哈夫曼编码构造,C5,第5章 树与二叉树
02331 数据结构 2018年10月,27,解答,C6,图的深度优先与广度优先遍历序列,据邻接矩阵画图并写DFS、BFS遍历序列,DFS：ABCDEGF等；BFS：ACBDEGF等,是,邻接矩阵为图片，序列据答案区推断,深度优先与广度优先搜索,C6,第6章 图结构
02331 数据结构 2018年10月,28,解答,C7,希尔排序过程与结果,增量为3和1的希尔排序结果及交换次数,"增量3：10,11,05,…；总交换5次",否,解析把“增量为1”误写为“增量为3”,希尔排序过程与结果,C7,第7章 内部排序
02331 数据结构 2018年10月,29,解答,C8,二叉排序树删除结点,BST中删除结点e并问指针域更新次数,答案一更新2次；答案二更新3次,否,题图（a~g）与答案为图片,二叉排序树插入与删除,C8,第8章 查找
02331 数据结构 2018年10月,30,算法,C2,顺序表算法阅读与功能,阅读f30求返回值并说明其功能,返回-33；求两表前minlength个元素最小值,是,题干仅标题，程序体为图片，据OCR补全,顺序表算法阅读与设计,C2,第2章 线性表
02331 数据结构 2018年10月,31,算法,C5,二叉树遍历算法输出序列分析,阅读f31给出输出结果并求时间复杂度,CEDAB；O(n),是,题干残缺，程序体与题图为图片，据OCR,二叉树遍历算法阅读与输出,C5,第5章 树与二叉树
02331 数据结构 2018年10月,32,算法,C7,直接插入排序算法填空,填空使直接插入排序算法完整,(1)n-1；(2)j--；(3)R[j]=temp,是,题干残缺，程序体为图片，据OCR与答案,排序算法程序阅读与填空,C7,第7章 内部排序
02331 数据结构 2018年10月,33,算法,C5,二叉树中序查找算法阅读,阅读程序写出输出并说明算法功能,"23,15,28,19,29；中序查找满足left≤key<right的元素",是,题干残缺，程序体与答案为图片,二叉树递归算法阅读分析,C5,第5章 树与二叉树
02331 数据结构 2018年10月,34,算法,C2,多链表查找算法设计,在数组中n个单链表中查找key，返回1或0,遍历各链表比较p->data==key,是,题干与答案残缺，据OCR原卷与答案区,单链表算法填空与设计,C2,第2章 线性表
02331 数据结构 2019年10月,1,单选,C1,链式存储的适用范围,下列不宜采用链式存储的是,D,否,-,顺序与链式存储特点及适用场合,C1,第1章 绪论
02331 数据结构 2019年10月,2,单选,C3,顺序栈栈底地址计算,栈顶地址100元素占4单元求栈底地址,B,否,题干OCR漏字（“中每个元素占4个存储单元”）,顺序栈栈底地址计算,C3,第3章 栈和队列
02331 数据结构 2019年10月,3,单选,C2,循环链表判空条件,带头结点循环链表为空的条件,B,否,-,循环链表与双向链表判空条件,C2,第2章 线性表
02331 数据结构 2019年10月,4,单选,C4,广义表深度计算,求广义表LS的深度,A,否,-,广义表深度计算,C4,第4章 数组、广义表和串
02331 数据结构 2019年10月,5,单选,C5,完全二叉树叶结点个数计算,完全二叉树有7个分支结点，叶结点最少几个,A,否,官方答案A(7)与n0=n2+1推算的8不一致，存疑,完全二叉树结点数与叶结点计算,C5,第5章 树与二叉树
02331 数据结构 2019年10月,6,单选,C5,二叉树后序遍历序列特点,后序遍历中列在根结点前面的是哪些结点,C,否,-,二叉树遍历序列特点,C5,第5章 树与二叉树
02331 数据结构 2019年10月,7,单选,C6,邻接表指针个数计算,n顶点e边无向图邻接表中指针个数,D,否,-,图的邻接表存储,C6,第6章 图结构
02331 数据结构 2019年10月,8,单选,C6,有向图度与边数关系,某顶点出度入度均为2，顶点数最少几个,B,否,-,图的顶点度与边数计算,C6,第6章 图结构
02331 数据结构 2019年10月,9,单选,C6,带权图路径长度定义,带权图最短路径中路径长度是指什么,C,否,-,最短路径算法选择与路径长度,C6,第6章 图结构
02331 数据结构 2019年10月,10,单选,C7,希尔排序过程与结果,增量序列5、3两趟希尔排序后的结果,C,否,-,希尔排序过程与结果,C7,第7章 内部排序
02331 数据结构 2019年10月,11,单选,C7,排序算法稳定性判断,下列不稳定的排序方法,A,否,-,排序算法稳定性判断,C7,第7章 内部排序
02331 数据结构 2019年10月,12,单选,C7,堆排序初始堆建立,降序排序且空间复杂度O(1)的初始堆,A,否,选项A中的“44”不在给定关键字集内，疑原卷/OCR错,建立大根堆的过程,C7,第7章 内部排序
02331 数据结构 2019年10月,13,单选,C8,二叉排序树结点大小关系,n所在结点层数大于m所在结点层数，则,D,否,-,二叉排序树结点关键字大小关系,C8,第8章 查找
02331 数据结构 2019年10月,14,单选,C8,线性探测法探查次数计算,线性探查法查找关键字23的探查次数,C,否,-,线性探查法探查次数计算,C8,第8章 查找
02331 数据结构 2019年10月,15,单选,C8,m阶B树定义,m阶B树叙述正确的是哪一项,D,否,选项D中“[m/2]-1”应为“⌈m/2⌉-1”,m阶B树定义,C8,第8章 查找
02331 数据结构 2019年10月,16,填空,C1,四种基本存储方法,四种基本存储方法中空缺的一种,索引存储,否,-,四种基本存储方法,C1,第1章 绪论
02331 数据结构 2019年10月,17,填空,C2,单链表结点关系判断语句,判断单链表中两结点是否相邻的条件,p->next==q||q->next==p,否,-,单链表结点关系与终端结点判定,C2,第2章 线性表
02331 数据结构 2019年10月,18,填空,C1,递归终止条件,递归求解过程中的最小子问题称为,递归的终止条件（递归出口）,否,-,递归终止条件,C1,第1章 绪论
02331 数据结构 2019年10月,19,填空,C4,广义表表头表尾,"求广义表(((a,b),(c,d,e),(f,g),h)的表头","((a,b),(c,d,e))",否,题干括号被OCR残缺,广义表表头表尾运算,C4,第4章 数组、广义表和串
02331 数据结构 2019年10月,20,填空,C5,n个结点二叉树形态数,3个结点的不同形状二叉树有几棵,5,否,-,不同形态二叉树数目,C5,第5章 树与二叉树
02331 数据结构 2019年10月,21,填空,C6,拓扑序列个数与不唯一条件,有2个入度为0的结点，至少有几个拓扑序列,2,否,-,拓扑序列个数与唯一性,C6,第6章 图结构
02331 数据结构 2019年10月,22,填空,C5,树与二叉树相互转换,树转成二叉树后其右子树如何,为空（不存在）,否,-,树与森林转二叉树,C5,第5章 树与二叉树
02331 数据结构 2019年10月,23,填空,C7,直接选择排序时间复杂度,直接选择排序最好情况的时间复杂度,O(n^2),否,-,各排序算法时间复杂度,C7,第7章 内部排序
02331 数据结构 2019年10月,24,填空,C8,散列冲突解决方法,拉链法是处理什么的方法,冲突,否,-,散列冲突解决方法,C8,第8章 查找
02331 数据结构 2019年10月,25,填空,C8,二分查找失败比较次数,14个关键字二分查找失败时最大比较次数,4,否,-,二分查找比较次数,C8,第8章 查找
02331 数据结构 2019年10月,26,解答,C5,哈夫曼树构造与编码,6个字符构造哈夫曼树并给出各字符编码,哈夫曼树与编码表见图，OCR残缺,否,答案为图片，OCR得树形与部分编码,哈夫曼编码构造,C5,第5章 树与二叉树
02331 数据结构 2019年10月,27,解答,C6,图的深度优先与广度优先遍历序列,据邻接矩阵写A到C的2个DFS序列及BFS序列,DFS：ABDEFGC、ABDEGFC；BFS：ABCDEFG等,是,题面只有题号，邻接矩阵与第(2)问为图片，据答案推断,深度优先与广度优先搜索,C6,第6章 图结构
02331 数据结构 2019年10月,28,解答,C7,快速排序一趟划分结果,分别以首、末关键字为基准的第一趟快排结果,"(1)14,7,15,32,15,24,20,23；(2)15,20,14,7,15,23,32,24",否,-,快速排序划分过程,C7,第7章 内部排序
02331 数据结构 2019年10月,29,解答,C8,二叉排序树插入与删除,BST插入结点f后再删除结点c并说明过程,用中序直接前驱b替代c，再删除b,否,题图（a~d结点）为图片，删除过程据答案区OCR,二叉排序树插入与删除,C8,第8章 查找
02331 数据结构 2019年10月,30,算法,C2,顺序表算法阅读与功能,阅读f30写出程序输出并说明其功能,"3,5,9,10,2,30；奇数从头插入、偶数从表尾插入",是,题面只有题号，程序体为图片，据OCR补全,顺序表算法阅读与设计,C2,第2章 线性表
02331 数据结构 2019年10月,31,算法,C5,二叉树遍历算法输出序列分析,阅读f31写出结果并说明算法功能,"叶结点值加倍（20,20,70,60,90）",是,题面只有题号，程序体、题图与答案为图片,二叉树遍历算法阅读与输出,C5,第5章 树与二叉树
02331 数据结构 2019年10月,32,算法,C8,二分查找算法填空,填空使升序表的二分查找算法完整,(1)R[mid].key==k；(2)mid-1；(3)mid+1,是,题面只有题号，程序体为图片，据OCR与答案,二分查找算法填空与功能分析,C8,第8章 查找
02331 数据结构 2019年10月,33,算法,C5,二叉树顺序存储转链式存储算法填空,填空完成顺序存储转二叉链表程序,(1)Q[front]!=NULL；(2)rear%2；(3)front++,是,题面只有题号，程序体为图片，据OCR与答案,二叉树顺序存储转链式存储算法,C5,第5章 树与二叉树
02331 数据结构 2019年10月,34,算法,C2,单链表删除指定范围结点算法设计,"编写f34删除data在[x,y]范围内的结点",遍历L，命中则摘链并free,是,题面只有题号，题意为图片，据答案区参考程序OCR,单链表算法填空与设计,C2,第2章 线性表
02331 数据结构 2018年4月,1,单选,C1,数据结构三要素组成,数据结构不包含的内容是,A,否,-,数据结构的研究内容与三要素,C1,第1章 绪论
02331 数据结构 2018年4月,2,单选,C1,逻辑结构判定,下列属于逻辑结构的是,B,否,-,逻辑结构与存储结构,C1,第1章 绪论
02331 数据结构 2018年4月,3,单选,C1,顺序存储结构优缺点,顺序存储结构的优点,C,否,-,顺序与链式存储特点及适用场合,C1,第1章 绪论
02331 数据结构 2018年4月,4,单选,C2,循环链表尾指针的应用,末尾插入删首元素最省时的存储结构,D,否,-,线性表存储结构的选择,C2,第2章 线性表
02331 数据结构 2018年4月,5,单选,C3,链式队列出队指针修改,不带头结点单链队列删除时的指针变化,D,否,-,链式队列存储与出队指针操作,C3,第3章 栈和队列
02331 数据结构 2018年4月,6,单选,C4,二维数组行主序列主序地址对应,行优先地址ar在列优先下的对应元素,C,否,-,多维数组列优先地址计算,C4,第4章 数组、广义表和串
02331 数据结构 2018年4月,7,单选,C5,n个结点二叉树形态数,3个结点能构成几种二叉树,D,否,-,不同形态二叉树数目,C5,第5章 树与二叉树
02331 数据结构 2018年4月,8,单选,C5,树的遍历与二叉树遍历对应,树的后序遍历对应二叉树的何种遍历,B,否,-,树与二叉树遍历对应关系,C5,第5章 树与二叉树
02331 数据结构 2018年4月,9,单选,C6,邻接表表结点数与图类型,邻接表有奇数个表结点时图的类型,D,否,-,图的邻接表存储,C6,第6章 图结构
02331 数据结构 2018年4月,10,单选,C6,邻接矩阵与拓扑序列存在性,对角线以下全零时拓扑序列的结论,C,否,-,拓扑序列的存在条件,C6,第6章 图结构
02331 数据结构 2018年4月,11,单选,C6,最小生成树边选择判定,一定不在最小生成树中的边,A,否,"原卷答案缺失；据(a,b)(a,c)已成回路推得(b,c)不在T中",最小生成树的性质,C6,第6章 图结构
02331 数据结构 2018年4月,12,单选,C7,每趟确定最终位置的排序算法,每趟选出一个元素放到最终位置,D,否,原卷答案缺失；据堆排序过程推断,每趟确定最终位置的排序算法,C7,第7章 内部排序
02331 数据结构 2018年4月,13,单选,C7,一趟排序结果反推算法,由第二趟排序结果判断排序算法,B,否,原卷答案缺失；据插入排序前3个元素有序推断,一趟排序结果反推算法,C7,第7章 内部排序
02331 数据结构 2018年4月,14,单选,C8,顺序查找适用范围,顺序或链式存储时的查找方法,A,否,原卷答案缺失；据顺序查找适用两种存储结构推断,顺序查找的适用范围,C8,第8章 查找
02331 数据结构 2018年4月,15,单选,C8,二分查找比较次数,有序表二分查找75的比较次数,B,否,原卷答案缺失；按mid=6、9两次比较推断为2次,二分查找比较次数,C8,第8章 查找
02331 数据结构 2018年4月,16,填空,C1,线性结构与非线性结构分类,逻辑上把数据结构分为线性结构和,非线性结构,否,-,线性结构与非线性结构判定,C1,第1章 绪论
02331 数据结构 2018年4月,17,填空,C2,单链表头结点的作用,为便于插入删除而增加的结点名称,头结点,否,-,单链表头结点的作用,C2,第2章 线性表
02331 数据结构 2018年4月,18,填空,C4,二维数组存储单元总数计算,A[10][8]每元素4单元时总单元数,320,否,-,数组存储单元总数计算,C4,第4章 数组、广义表和串
02331 数据结构 2018年4月,19,填空,C4,广义表表头表尾,长度为1的广义表中Head=Tail时的形式,(()),否,-,广义表表头表尾运算,C4,第4章 数组、广义表和串
02331 数据结构 2018年4月,20,填空,C5,二叉树结点数与高度关系,只含度0和2结点、高h时最多结点数,2^h-1,否,-,二叉树性质计算,C5,第5章 树与二叉树
02331 数据结构 2018年4月,21,填空,C6,生成树的定义,包含所有顶点的极小连通子图,生成树,否,-,生成树的定义,C6,第6章 图结构
02331 数据结构 2018年4月,22,填空,C6,保证连通的最少边数,7个顶点任何情况下连通的最少边数,16,否,-,连通图与强连通图边数极值,C6,第6章 图结构
02331 数据结构 2018年4月,23,填空,C6,迪杰斯特拉算法路径长度递增,Dijkstra按路径___不减次序求路径,长度,否,-,迪杰斯特拉算法求最短路径,C6,第6章 图结构
02331 数据结构 2018年4月,24,填空,C7,快速排序一次划分结果,以45为基准对给定序列一次划分,"32,36,18,13,36,45,76,97,49,53",否,按严蔚敏划分算法逐步推导,快速排序划分过程,C7,第7章 内部排序
02331 数据结构 2018年4月,25,填空,C7,基数排序与箱排序的关系,对箱排序改进推广的排序算法,基数排序,否,-,基数排序与箱排序的关系,C7,第7章 内部排序
02331 数据结构 2018年4月,26,算法,C3,两栈共享空间判满与入栈,两栈共享data[m]的判满与进栈操作,top1+1==top2判满；si=0时++top1入栈，否则--top2入栈,是,题面程序为图片未抽取；据答案中stackfull与push语句推断,两栈共享空间的判定与操作,C3,第3章 栈和队列
02331 数据结构 2018年4月,27,解答,C5,由遍历序列求未知结点元素,由前序中序后序序列写出①~⑩元素,①C②H③D④E⑤H⑥D⑦B⑧E⑨G⑩A,是,遍历序列表为图片未抽取；答案区给出①~⑩,由遍历序列唯一确定二叉树,C5,第5章 树与二叉树
02331 数据结构 2018年4月,28,解答,C6,有向无环图判定与拓扑序列枚举,图G是否为有向无环图并给出所有拓扑序列,"是有向无环图；(1,2,5,4,3,6)与(1,2,5,4,3,7,6)",是,题28图为图片未抽取,拓扑序列个数与唯一性,C6,第6章 图结构
02331 数据结构 2018年4月,29,解答,C8,线性探查法构造散列表与ASL,H(k)=k mod11线性探查填表并求ASL,依次填入散列表；ASL成功=12/8=1.5,否,答案中散列表为图片未抽取，仅存ASL数值,线性探查法构造散列表,C8,第8章 查找
02331 数据结构 2018年4月,30,算法,C3,循环队列判空与入队出队语句,队列基本操作填空完成指定功能,Q->rear==Q->front；(Q->rear+1)%QueueSize；(Q->front+1)%QueueSize,是,题面程序为图片未抽取；据答案三处语句推断,循环队列判空判满条件,C3,第3章 栈和队列
02331 数据结构 2018年4月,31,算法,C4,二维数组转三元组表算法填空,程序G1将m行n列数组转三元组表并填空,(1)*a；(2)k++；(3)k,是,题面程序为图片未抽取；据题面说明与答案推断,稀疏矩阵三元组表,C4,第4章 数组、广义表和串
02331 数据结构 2018年4月,32,算法,C5,二叉树程序运行输出结果,阅读f32写出f32(T)的输出结果,"7,3,9,6,1,5,2,8,4",是,题32图与程序为图片未抽取,二叉树遍历算法阅读与输出,C5,第5章 树与二叉树
02331 数据结构 2018年4月,33,算法,C7,建堆程序输出结果,阅读程序写出执行结果,"62,32,21,23,25,5,10,1,20,9",是,程序为图片未抽取；答案序列恰为大根堆，故推断为建堆输出,排序算法程序阅读与填空,C7,第7章 内部排序
02331 数据结构 2018年4月,34,算法,C2,单链表算法设计与字符统计,带头结点单链表定义下编写算法,遍历串中字符，不在表中则插入表尾并计数，返回插入个数,是,题面定义为图片未抽取；据答案f34代码推断,单链表算法填空与设计,C2,第2章 线性表
02331 数据结构 2019年4月,1,单选,C2,线性表长度的取值,线性表中n的取值,B,否,-,线性表的定义与基本操作,C2,第2章 线性表
02331 数据结构 2019年4月,2,单选,C2,单链表插入结点指针操作,在p与q之间插入s的正确操作,A,否,-,单链表插入结点指针操作语句,C2,第2章 线性表
02331 数据结构 2019年4月,3,单选,C3,栈的应用范围判定,不宜用栈求解的问题,D,否,-,栈的应用范围判定,C3,第3章 栈和队列
02331 数据结构 2019年4月,4,单选,C3,合理出栈序列判定,输入1~5时不可能的栈输出序列,B,否,-,合理出栈序列判定,C3,第3章 栈和队列
02331 数据结构 2019年4月,5,单选,C3,循环队列指针变化逆推,出队2入队1后rear=2 front=4的初值,B,否,-,循环队列指针变化与下标计算,C3,第3章 栈和队列
02331 数据结构 2019年4月,6,单选,C4,二维数组行主序地址计算,M[2][2]的存储地址,C,否,-,多维数组行主序地址计算,C4,第4章 数组、广义表和串
02331 数据结构 2019年4月,7,单选,C4,对称矩阵压缩存储元素个数,对称矩阵压缩到一维数组的元素个数,C,否,-,对称矩阵压缩存储元素个数,C4,第4章 数组、广义表和串
02331 数据结构 2019年4月,8,单选,C5,完全二叉树结点数最大值,第4层有5个叶结点时最多结点数,C,否,-,完全二叉树结点数与叶结点计算,C5,第5章 树与二叉树
02331 数据结构 2019年4月,9,单选,C5,后序遍历序列特征,后序序列中排在根结点前面的结点,D,否,-,二叉树遍历序列特点,C5,第5章 树与二叉树
02331 数据结构 2019年4月,10,单选,C6,深度优先搜索遍历序列,无向图的深度优先搜索遍历序列,D,是,题10图为图片未抽取,深度优先与广度优先搜索,C6,第6章 图结构
02331 数据结构 2019年4月,11,单选,C6,拓扑排序序列判定,有向图能得到的拓扑序列,D,是,题11图为图片未抽取,拓扑序列判定,C6,第6章 图结构
02331 数据结构 2019年4月,12,单选,C7,一趟排序结果反推算法,由第一趟排序结果判断排序算法,C,否,-,一趟排序结果反推算法,C7,第7章 内部排序
02331 数据结构 2019年4月,13,单选,C7,每趟确定最终位置且不稳定的排序,每趟选出元素且不稳定的排序算法,D,否,-,每趟确定最终位置的排序算法,C7,第7章 内部排序
02331 数据结构 2019年4月,14,单选,C8,二分查找比较次数,有序表二分查找82的比较次数,B,否,-,二分查找比较次数,C8,第8章 查找
02331 数据结构 2019年4月,15,单选,C8,二叉排序树高度最小的构造,插入序列使二叉排序树高度最小,C,否,-,二叉排序树构造形态与高度,C8,第8章 查找
02331 数据结构 2019年4月,16,填空,C2,顺序存储结构随机存取,能随机存取任一元素的存储结构,顺序存储结构,否,-,顺序存储的随机存取特性,C2,第2章 线性表
02331 数据结构 2019年4月,17,填空,C3,入栈出栈操作串,得到1342出栈顺序的S、X操作串,SXSSXSXX,否,-,入栈出栈操作串,C3,第3章 栈和队列
02331 数据结构 2019年4月,18,填空,C4,递归表的深度,深度为∞的广义表,递归表,否,-,广义表深度计算,C4,第4章 数组、广义表和串
02331 数据结构 2019年4月,19,填空,C4,广义表表尾,"((a,b),(c,d),e)的表尾","((c,d),e)",否,"原卷OCR作""(c,d),c)""，按表尾定义订正",广义表表头表尾运算,C4,第4章 数组、广义表和串
02331 数据结构 2019年4月,20,填空,C5,线索二叉树的线索,空指针域指向前趋后继的内容名称,线索,否,"原卷OCR作""线素""",线索二叉树与线索化,C5,第5章 树与二叉树
02331 数据结构 2019年4月,21,填空,C5,哈夫曼树结点总数,n个带权字符构造哈夫曼树的结点总数,2n-1,否,-,哈夫曼树结点数计算,C5,第5章 树与二叉树
02331 数据结构 2019年4月,22,填空,C6,最小生成树边数,Prim算法生成的最小生成树边数,n-1,否,-,最小生成树的边数,C6,第6章 图结构
02331 数据结构 2019年4月,23,填空,C5,小根堆关键字关系,n个记录成为小根堆的关键字关系,ki≤k2i且ki≤k2i+1(1≤i≤⌊n/2⌋),否,"原卷答案作""k1≤k2且ki≤k2i+1""，表述不严谨",堆的定义与性质判定,C5,第5章 树与二叉树
02331 数据结构 2019年4月,24,填空,C8,分块查找的概念,索引顺序查找的又称,分块查找,否,-,分块查找概念与别名,C8,第8章 查找
02331 数据结构 2019年4月,25,填空,C8,B 树非根结点关键字个数范围,5阶B树非根结点最少关键字个数,2,否,-,B树非根结点关键字个数范围,C8,第8章 查找
02331 数据结构 2019年4月,26,解答,C4,稀疏矩阵三元组表,画出M按行优先存储的三元组表,按行优先列出全部非零元的三元组表,是,题面矩阵为图片未抽取，答案亦为图,稀疏矩阵三元组表,C4,第4章 数组、广义表和串
02331 数据结构 2019年4月,27,解答,C5,由前序中序序列还原二叉树,由前序中序序列画出二叉树T,A为根；左子树B(C、D(E))；右子树L(M(、O)、N),否,原卷序列OCR有误，答案区未给图,由前序中序序列构造二叉树,C5,第5章 树与二叉树
02331 数据结构 2019年4月,28,解答,C6,邻接矩阵与迪杰斯特拉最短路径,给出图G邻接矩阵并求A到各顶点最短路径,邻接矩阵；按Dijkstra依次给出各路径及长度,是,题28图为图片未抽取，答案亦为图,迪杰斯特拉算法求最短路径,C6,第6章 图结构
02331 数据结构 2019年4月,29,解答,C8,线性探查法构造散列表与ASL,H(key)=key%11线性探测填表并求ASL,依次填入并给出各关键字探查次数；求ASL,否,答案区为图片未抽取,线性探查法构造散列表,C8,第8章 查找
02331 数据结构 2019年4月,30,算法,C2,顺序表算法阅读与功能,阅读mysum/D0算法，写两表结果并说明功能,逐位比较，较小元素所在位置存入两元素之和,是,OCR补出题面(mysum与D0程序)；原卷答案区为空，结果需两表具体数据,顺序表算法阅读与设计,C2,第2章 线性表
02331 数据结构 2019年4月,31,算法,C5,二叉树左右子树交换算法阅读,阅读f31，画执行后的二叉树并说明功能,交换二叉树每个结点的左右孩子（求镜像）,是,OCR补出题面(递归交换左右子树程序)；原卷答案区为空,二叉树递归算法阅读分析,C5,第5章 树与二叉树
02331 数据结构 2019年4月,32,算法,C8,二分查找算法填空,填空补充二分查找算法,(1)high=mid-1；(2)mid；(3)i>=inspace,是,程序为图片未抽取；第(3)空疑为OCR错误，存疑,二分查找算法填空与功能分析,C8,第8章 查找
02331 数据结构 2019年4月,33,算法,C7,快速排序一次划分程序分析与输出,阅读程序写出R的值并说明功能,"R={30,14,-38,-9,52,256,128,258,64}；以第一个元素为基准实现一次划分",是,程序为图片未抽取,排序算法程序阅读与填空,C7,第7章 内部排序
02331 数据结构 2019年4月,34,算法,C5,二叉树结点值求和算法设计,编写递归算法求二叉树所有结点data值之和,T为空返回0，否则T->data+左子树和+右子树和,是,OCR补出题面(int f34(BinTree T))；原卷答案区为空,二叉树结点值统计算法设计,C5,第5章 树与二叉树
02331 数据结构 2015年10月,1,单选,C1,线性结构与非线性结构,下列选项中，不属于线性结构的是,A,否,-,线性结构与非线性结构判定,C1,第1章 绪论
02331 数据结构 2015年10月,2,单选,C2,顺序表删除移动元素个数,长度n的顺序表删除位置i上的元素需移动的元素个数,B,否,-,顺序表插入删除移动元素个数,C2,第2章 线性表
02331 数据结构 2015年10月,3,单选,C3,顺序栈与链栈判空,栈采用不同存储方式时出栈过程叙述正确的,A,否,-,顺序栈判空判满条件,C3,第3章 栈和队列
02331 数据结构 2015年10月,4,单选,C3,顺序栈入栈指针操作,栈以V[0..n-1]存储、top初值n时x入栈的正确操作,C,否,-,顺序栈入栈出栈指针操作,C3,第3章 栈和队列
02331 数据结构 2015年10月,5,单选,C4,多维数组行主序地址计算,行优先存放的a[9][10]中a[8][5]的起始地址,D,否,原卷解析缺失，按(8*10+5)*3+SA=SA+255校验,多维数组行主序地址计算,C4,第4章 数组、广义表和串
02331 数据结构 2015年10月,6,单选,C4,广义表深度,"广义表A=(x,((y),((a)),A))的深度",D,否,递归表深度为∞，原卷PDF把选项D的∞扫成8,广义表深度计算,C4,第4章 数组、广义表和串
02331 数据结构 2015年10月,7,单选,C5,线索二叉树空指针域个数,左子树为空的二叉树前序线索化后空指针域个数,C,否,原卷只有A/B/C三个选项,线索二叉树与线索化,C5,第5章 树与二叉树
02331 数据结构 2015年10月,8,单选,C5,哈夫曼树唯一性,关于哈夫曼树叙述中错误的,A,否,-,哈夫曼树性质判定,C5,第5章 树与二叉树
02331 数据结构 2015年10月,9,单选,C6,强连通图最少边数,6个顶点的强连通图至少含有的边数,C,否,-,连通图与强连通图边数极值,C6,第6章 图结构
02331 数据结构 2015年10月,12,单选,C6,邻接矩阵行非零元素含义,有向图邻接矩阵某一行非零元素个数等于,B,否,批次序号；原卷第12题（原卷缺第10、11题）,邻接矩阵元素统计与含义,C6,第6章 图结构
02331 数据结构 2015年10月,13,单选,C5,堆定义判定,下列选项中符合堆定义的是,C,否,批次序号；原卷第13题,堆的定义与性质判定,C5,第5章 树与二叉树
02331 数据结构 2015年10月,14,单选,C7,快速排序一趟划分结果,以第一个元素66为基准的快排一趟结果,D,否,批次序号；原卷第14题,快速排序划分过程,C7,第7章 内部排序
02331 数据结构 2015年10月,15,单选,C8,二叉排序树查找性能,平均查找性能与二叉排序树查找相当的算法,A,否,批次序号；原卷第15题,二叉排序树平均查找长度,C8,第8章 查找
02331 数据结构 2015年10月,16,填空,C2,线性表直接前趋,线性表(a1..an)中除____外每个元素有唯一直接前趋,a1,否,批次序号；原卷第16题,线性表的定义与基本操作,C2,第2章 线性表
02331 数据结构 2015年10月,17,填空,C2,单链表后插结点指针操作,在P所指结点之后插入s所指结点的操作序列,s->next=p->next；p->next=s,否,批次序号；原卷第17题；原卷答案缺失，据教材补,单链表插入结点指针操作语句,C2,第2章 线性表
02331 数据结构 2015年10月,18,填空,C3,栈操作执行结果,"Push(y)、Push(z)、Push(z)、Pop、Pop后x,y的值","30,30",否,批次序号；原卷第18题；题干OCR有误（Push(y)被扫成Push(）,顺序栈入栈出栈指针操作,C3,第3章 栈和队列
02331 数据结构 2015年10月,19,填空,C4,广义表取表头,"广义表L=(a,(b,e,(e,f,g,h)))的head(L)",a,否,批次序号；原卷第19题,广义表表头表尾运算,C4,第4章 数组、广义表和串
02331 数据结构 2015年10月,20,填空,C5,树结点度与叶结点数关系,度为3的树中度为1、2、3的结点数为3、2、1，求叶结点数,5,否,批次序号；原卷第20题,树结点度与叶结点计算,C5,第5章 树与二叉树
02331 数据结构 2015年10月,21,填空,C5,由中序与后序还原二叉树,后序遍历序列与____遍历序列可唯一确定二叉树,中序,否,批次序号；原卷第21题,由中序后序序列构造二叉树,C5,第5章 树与二叉树
02331 数据结构 2015年10月,22,填空,C6,无向图顶点度上限,n个顶点的无向图中任一顶点的度不大于____,n-1,否,批次序号；原卷第22题,图的顶点度与边数计算,C6,第6章 图结构
02331 数据结构 2015年10月,23,填空,C6,深度优先搜索辅助栈,借助于一个栈来实现的图的遍历算法是____,深度优先搜索遍历,否,批次序号；原卷第23题,图的遍历概念与辅助结构,C6,第6章 图结构
02331 数据结构 2015年10月,24,填空,C6,拓扑排序与回路判定,有向图存在拓扑排序序列则该图一定不存在____,回路（或环）,否,批次序号；原卷第24题,拓扑序列的存在条件,C6,第6章 图结构
02331 数据结构 2015年10月,25,填空,C7,二路归并一趟结果,"序列{66,82,25,51,98,108}一趟二路归并的结果","{66,82,25,51,98,108}",否,批次序号；原卷第25题；本卷PDF仅含1~25题，无26~34大题,二路归并排序各趟结果,C7,第7章 内部排序
02331 数据结构 2024年4月,1,单选,C7,一趟排序结果反推算法,给定序列是某算法升序第二趟结果，判断该算法,C,否,-,一趟排序结果反推算法,C7,第7章 内部排序
02331 数据结构 2024年4月,2,单选,C5,完全二叉树分支结点与叶结点数,有7个分支结点的完全二叉树最少有几个叶结点,A,否,-,完全二叉树结点数与叶结点计算,C5,第5章 树与二叉树
02331 数据结构 2024年4月,3,单选,C7,简单选择排序排序过程,给定序列采用选择排序两趟后的结果,B,否,-,简单选择排序各趟结果,C7,第7章 内部排序
02331 数据结构 2024年4月,4,单选,C8,二分查找判定树性质,关于二分查找判定树T的正确叙述,A,否,-,二分查找判定树,C8,第8章 查找
02331 数据结构 2024年4月,5,单选,C5,树转二叉树遍历序列对应关系,树T的后序遍历序列与等价二叉树T1哪个序列相同,B,否,-,树与二叉树遍历对应关系,C5,第5章 树与二叉树
02331 数据结构 2024年4月,6,单选,C6,无向图邻接矩阵非零元素个数,n个顶点e条边的无向图邻接矩阵非零元素个数,D,否,-,邻接矩阵元素统计与含义,C6,第6章 图结构
02331 数据结构 2024年4月,7,单选,C5,哈夫曼树WPL最小性质,用n个带权结点构造哈夫曼树的正确说法,B,否,-,哈夫曼树性质判定,C5,第5章 树与二叉树
02331 数据结构 2024年4月,8,单选,C5,后序遍历序列结点排列,非空二叉树后序序列中排在根结点前面的是,C,否,-,二叉树遍历序列特点,C5,第5章 树与二叉树
02331 数据结构 2024年4月,9,单选,C8,二叉排序树关键字与层数关系,BST中关键字n层数大于m时n与m的大小关系,D,否,-,二叉排序树结点关键字大小关系,C8,第8章 查找
02331 数据结构 2024年4月,10,单选,C5,堆定义判定,下列序列中符合堆定义的是,A,否,-,堆的定义与性质判定,C5,第5章 树与二叉树
02331 数据结构 2024年4月,11,单选,C7,堆排序建初始堆,降序堆排序（空间复杂度O(1)）建立的初始堆,A,否,-,建立大根堆的过程,C7,第7章 内部排序
02331 数据结构 2024年4月,12,单选,C4,对称矩阵压缩存储地址计算,元素a[i][j]在一维数组sa[k]中的存储位置k的公式,A,是,"题干与四个选项全为图片，OCR得元素aij(0≤i,j≤n-1)在sa[k]中的存储位置k；判为对称矩阵压缩，存疑",对称矩阵压缩存储地址计算,C4,第4章 数组、广义表和串
02331 数据结构 2024年4月,13,单选,C8,分块查找基本条件,对数据进行分块查找的基本条件,A,否,-,分块查找前提条件与过程,C8,第8章 查找
02331 数据结构 2024年4月,14,单选,C1,数据结构研究内容,数据结构研究的基本内容是,A,否,-,数据结构的研究内容与三要素,C1,第1章 绪论
02331 数据结构 2024年4月,15,单选,C1,线性结构与非线性结构,下列选项中不属于线性结构的是,D,否,-,线性结构与非线性结构判定,C1,第1章 绪论
02331 数据结构 2024年4月,16,填空,C4,广义表取表头,"广义表((a),a)的表头是____",(a),否,-,广义表表头表尾运算,C4,第4章 数组、广义表和串
02331 数据结构 2024年4月,17,填空,C1,算法五个特性,算法必须满足的五个准则中缺少的一个,可行性,否,-,算法的定义与五个特性,C1,第1章 绪论
02331 数据结构 2024年4月,18,填空,C6,AOV网定义,顶点表示活动、边表示活动先后关系的有向无环图称____网,顶点活动（或AOV）,否,-,AOV网与有向无环图,C6,第6章 图结构
02331 数据结构 2024年4月,19,填空,C4,稀疏矩阵三元组表,稀疏矩阵压缩存储非零元素得到的顺序存储结构,三元组表,否,-,稀疏矩阵三元组表,C4,第4章 数组、广义表和串
02331 数据结构 2024年4月,20,填空,C6,拓扑序列个数,有2个入度为0结点的有向无环图至少有几个拓扑序列,2,否,-,拓扑序列个数与唯一性,C6,第6章 图结构
02331 数据结构 2024年4月,21,填空,C5,中序遍历序列末结点,二叉树中序遍历的最后一个结点是根结点的____,最右下方结点（右子树最右结点）,否,-,二叉树遍历序列特点,C5,第5章 树与二叉树
02331 数据结构 2024年4月,22,填空,C3,循环队列判满条件,长度M的循环队列队满的条件表达式,(rear+1)%M==front,否,-,循环队列判空判满条件,C3,第3章 栈和队列
02331 数据结构 2024年4月,23,填空,C8,无序数组查找方法选择,在无序数组中进行查找应使用的查找方法,顺序查找,否,-,顺序查找的适用范围,C8,第8章 查找
02331 数据结构 2024年4月,24,填空,C5,前序遍历序列首结点,非空二叉树前序遍历序列的第一个元素是____,根结点,否,-,二叉树遍历序列特点,C5,第5章 树与二叉树
02331 数据结构 2024年4月,25,填空,C8,二分查找失败最大比较次数,14个关键字的有序表二分查找失败时最大比较次数,4,否,-,二分查找比较次数,C8,第8章 查找
02331 数据结构 2024年4月,26,解答,C5,哈夫曼树构造与WPL计算,"给权值{8,18,14,16,9}画哈夫曼树并求WPL",权值小者为左；WPL=(8+9)*3+(18+14+16)*2=147,否,答案中的哈夫曼树图为图片，树形不唯一,哈夫曼树构造与带权路径长度,C5,第5章 树与二叉树
02331 数据结构 2024年4月,27,解答,C7,二路归并各趟排序结果,对13个元素的序列写出各趟二路归并结果,"四趟后：01,10,11,12,14,19,20,23,27,55,68,79,84",否,-,二路归并排序各趟结果,C7,第7章 内部排序
02331 数据结构 2024年4月,28,解答,C6,克鲁斯卡尔算法过程,按克鲁斯卡尔算法依次写出进入最小生成树的边,"（a,b）（c,d）（a,f）（b,c）（f,e）",是,题28图为图片；据答案边集与OCR的权值推断为6顶点带权无向图,克鲁斯卡尔算法求最小生成树,C6,第6章 图结构
02331 数据结构 2024年4月,29,解答,C5,由前序中序序列还原二叉树,前序ABDEGHCFI与中序DBGEHACIF，求后序遍历序列,后序序列：DGHEBIFCA,否,-,由前序中序序列构造二叉树,C5,第5章 树与二叉树
02331 数据结构 2024年4月,30,算法,C8,二叉排序树区间查找算法,"读f30程序，写出f30(T,14,50)输出并说明功能","(1)1618253650 (2)输出BST中[K1,K2]内的元素（升序）",是,程序与题30图均为图片，题目内容据OCR补全,二叉排序树算法功能分析,C8,第8章 查找
02331 数据结构 2024年4月,31,算法,C2,有序单链表插入保持有序,在递增有序带头结点单链表中插入新结点，填空,(1)NULL (2)head->next (3)head->next,是,程序体为图片，据OCR确认；给整段程序故归算法题,单链表建表与有序插入算法,C2,第2章 线性表
02331 数据结构 2024年4月,32,算法,C2,有序顺序表区间元素计数,统计升序顺序表中满足min≤x≤max的元素个数，填空,(1)-1 (2)L.length (3)pmax-pmin,是,程序体为图片，据OCR确认；给整段程序故归算法题,顺序表算法阅读与设计,C2,第2章 线性表
02331 数据结构 2024年4月,33,算法,C2,顺序表删除与另一表相同元素,读f33程序写出输出结果并说明其功能,"(1)3,5,8,40 (2)从有序表A中删除与B相同的元素",是,程序体为图片，据OCR确认,顺序表算法阅读与设计,C2,第2章 线性表
02331 数据结构 2024年4月,34,算法,C2,单链表删除指定范围结点,编写f34删除带头结点单链表中x≤data≤y的结点,命中则q=p->next；p->next=q->next；free(q)；否则p=p->next,是,题干与参考答案均为图片，题目与答案据OCR补全,单链表算法填空与设计,C2,第2章 线性表
02331 数据结构 2021年10月,1,单选,C1,数据项与数据元素关系,数据项和数据元素叙述正确的,C,否,-,数据元素、数据项与数据类型,C1,第1章 绪论
02331 数据结构 2021年10月,2,单选,C1,抽象数据类型定义与特性,抽象数据类型叙述正确的,D,否,-,抽象数据类型定义与特性,C1,第1章 绪论
02331 数据结构 2021年10月,3,单选,C3,合理出栈序列判定,入栈fedcba出栈deabcf的最少栈空间,C,否,-,合理出栈序列判定,C3,第3章 栈和队列
02331 数据结构 2021年10月,4,单选,C2,单链表结点指针交换语句,交换p q所指结点data值不能完成的语句,C,否,-,单链表结点关系与终端结点判定,C2,第2章 线性表
02331 数据结构 2021年10月,5,单选,C4,对称矩阵压缩存储地址计算,行优先存对称矩阵上三角求a34地址,C,否,-,对称矩阵压缩存储地址计算,C4,第4章 数组、广义表和串
02331 数据结构 2021年10月,6,单选,C4,广义表表头表尾,广义表L经head tail运算得h的是,B,否,-,广义表表头表尾运算,C4,第4章 数组、广义表和串
02331 数据结构 2021年10月,7,单选,C5,二叉树性质与叶结点个数,关于二叉树叙述错误的,C,否,-,二叉树性质计算,C5,第5章 树与二叉树
02331 数据结构 2021年10月,8,单选,C5,由前序中序序列还原二叉树,前序ABCD中序ACDB求后序序列,D,否,-,由前序中序序列构造二叉树,C5,第5章 树与二叉树
02331 数据结构 2021年10月,9,单选,C6,图广度优先搜索遍历序列,对下图广度优先搜索遍历的正确序列,B,是,"题干""下图""为图片缺失，据选项与答案B推断",深度优先与广度优先搜索,C6,第6章 图结构
02331 数据结构 2021年10月,10,单选,C6,深度优先与广度优先生成树,深度优先生成树与广度优先生成树的关系,B,否,-,图的遍历概念与辅助结构,C6,第6章 图结构
02331 数据结构 2021年10月,11,单选,C7,各排序算法最坏时间复杂度,最坏情况时间复杂度不是O(n)的排序方法,D,否,"题干""O(n)""疑为""O(n²)""上标缺失，按答案D=堆排序",排序方法时间复杂度比较,C7,第7章 内部排序
02331 数据结构 2021年10月,12,单选,C7,排序算法在链表上的适用性,不宜在链表上实现的排序方法,B,否,-,排序算法与存储结构的适用性,C7,第7章 内部排序
02331 数据结构 2021年10月,13,单选,C7,一趟排序结果反推算法,第2趟排序结果反推排序算法,A,否,-,一趟排序结果反推算法,C7,第7章 内部排序
02331 数据结构 2021年10月,14,单选,C8,二分查找最大比较次数,有序表二分查找长度不多于4的关键字个数,C,否,-,二分查找比较次数,C8,第8章 查找
02331 数据结构 2021年10月,15,单选,C8,高度最小的二叉排序树构造,哪个插入序列得高度最低二叉排序树,B,否,-,二叉排序树构造形态与高度,C8,第8章 查找
02331 数据结构 2021年10月,26,解答,C3,链栈不设头结点的原因,链栈为什么不必设置头结点,链栈是运算受限单链表；头指针即栈顶指针；入栈出栈仅在表头进行,否,原批次顺序编号16，原卷题号26,链栈不设头结点的原因,C3,第3章 栈和队列
02331 数据结构 2021年10月,27,解答,C5,哈夫曼树构造与哈夫曼编码,给频次及a、e编码求其余3字符编码,b=001；c=01；d=10,否,原批次顺序编号17，原卷题号27；答案附哈夫曼树图,哈夫曼编码构造,C5,第5章 树与二叉树
02331 数据结构 2021年10月,28,解答,C6,图的邻接矩阵表示,由题28图写出有向图G的邻接矩阵,-,是,原批次顺序编号18，原卷题号28；题干图与答案均为图，OCR 后仍未确定,图的邻接矩阵表示与对称性,C6,第6章 图结构
02331 数据结构 2021年10月,29,解答,C8,线性探查法构造散列表,关键字依次存入长7散列表并画出该表,"HT[1..6]=15,16,30,32,11,6，下标0为空",是,原批次顺序编号19，原卷题号29；答案据OCR补全,线性探查法构造散列表,C8,第8章 查找
02331 数据结构 2021年10月,30,算法,C2,单链表创建算法填空,单链表L前两结点为1其后结点为前两和，补全算法,(1)preOne->data+preOne->next->data (2)NULL (3)preOne->next->next,是,原批次顺序编号20，原卷题号30；答案据OCR补全,单链表建表与有序插入算法,C2,第2章 线性表
02331 数据结构 2021年10月,31,算法,C6,邻接矩阵求顶点度算法填空,邻接矩阵存储下统计各顶点度并返回最大度，补全算法,(1)count=0(2)g.arcs[i][j]!=0(3)countmax,是,原批次顺序编号21，原卷题号31；答案据OCR补全,邻接矩阵相关算法填空,C6,第6章 图结构
02331 数据结构 2021年10月,32,算法,C8,二叉排序树算法功能分析,"算法f32()功能及调用f32(T,100,612)的输出","(1)154,170,275,503,509,512,612；区间升序输出",是,原批次顺序编号22，原卷题号32；答案据OCR补全,二叉排序树算法功能分析,C8,第8章 查找
02331 数据结构 2021年10月,33,算法,C8,二分查找算法功能分析,阅读程序并回答问题,(1)f33=2；(2)数组中二分查找指定元素，成功返回下标否则-1,是,原批次顺序编号23，原卷题号33；答案据OCR核对一致,二分查找算法填空与功能分析,C8,第8章 查找
02331 数据结构 2021年10月,34,算法,C2,顺序表奇偶分组算法设计,编写f34将数组A中奇数调整到偶数之前,双指针从两端向中间交换，使奇数都在偶数之前,否,原批次顺序编号24，原卷题号34；答案据OCR补全,顺序表算法阅读与设计,C2,第2章 线性表
02331 数据结构 2021年10月,16,填空,C2,单循环链表终端结点指针域,带头结点单循环链表终端结点的指针域指向,头结点,否,原批次顺序编号25，原卷题号16,单循环链表尾结点与遍历条件,C2,第2章 线性表
02331 数据结构 2021年10月,17,填空,C3,循环队列入队位置下标计算,循环队列front=rear=0时第1个入队元素的下标,-,否,原批次顺序编号26，原卷题号17；答案区按PDF编号26处缺答案,循环队列指针变化与下标计算,C3,第3章 栈和队列
02331 数据结构 2021年10月,18,填空,C3,中缀表达式转后缀表达式,中缀表达式9-(2+4*7)转后缀表达式,9 2 4 7 * + -,否,原批次顺序编号27，原卷题号18,中缀表达式转后缀表达式,C3,第3章 栈和队列
02331 数据结构 2021年10月,19,填空,C4,递归广义表深度,"广义表G=(27,G)的深度",无穷（∞）,否,原批次顺序编号28，原卷题号19,广义表深度计算,C4,第4章 数组、广义表和串
02331 数据结构 2021年10月,20,填空,C5,二叉链表空指针域个数,n个结点二叉树二叉链表存储的空指针域个数,n+1,否,原批次顺序编号29，原卷题号20,二叉树链式存储空指针域个数,C5,第5章 树与二叉树
02331 数据结构 2021年10月,21,填空,C6,无向连通图边数差最大值,两含10顶点无向连通图边数差的最大值,36,否,原批次顺序编号30，原卷题号21,连通图与强连通图边数极值,C6,第6章 图结构
02331 数据结构 2021年10月,22,填空,C6,有向图存在拓扑序列的条件,有向图G存在拓扑序列的条件,图中不存在环（无环）,否,原批次顺序编号31，原卷题号22,拓扑序列的存在条件,C6,第6章 图结构
02331 数据结构 2021年10月,23,填空,C5,大根堆元素下标位置关系,数组存n元素大根堆中第3大元素下标最大值,6,否,原批次顺序编号32，原卷题号23,堆的定义与性质判定,C5,第5章 树与二叉树
02331 数据结构 2021年10月,24,填空,C8,分块查找的定义与别名,分块查找又称为什么,索引顺序查找,否,原批次顺序编号33，原卷题号24,分块查找概念与别名,C8,第8章 查找
02331 数据结构 2021年10月,25,填空,C8,B 树关键字个数范围,非空3阶B树中非根结点最少关键字个数,1,否,原批次顺序编号34，原卷题号25,B树非根结点关键字个数范围,C8,第8章 查找
02331 数据结构 2022年4月,1,单选,C1,逻辑结构与存储结构的关系,与存储结构相关的数据结构,C,否,解析：链式存储的队列称链队列,逻辑结构与存储结构,C1,第1章 绪论
02331 数据结构 2022年4月,2,单选,C2,顺序表元素存储地址计算,第9元素地址1000第11元素1040求最后元素地址,D,否,由两地址差推元素长度20,顺序表元素存储地址计算,C2,第2章 线性表
02331 数据结构 2022年4月,3,单选,C3,合理出栈序列判定,"1,3,5,2,4依次入栈不能得到的出栈序列",A,否,-,合理出栈序列判定,C3,第3章 栈和队列
02331 数据结构 2022年4月,4,单选,C2,单链表删除结点指针操作,删除p所指结点全部后继的正确语句,D,否,选项A、B含语法错误,单链表删除结点指针操作语句,C2,第2章 线性表
02331 数据结构 2022年4月,5,单选,C4,广义表深度计算,广义表LS（含嵌套子表）的深度,B,否,题干括号数OCR残缺,广义表深度计算,C4,第4章 数组、广义表和串
02331 数据结构 2022年4月,6,单选,C5,完全二叉树叶子结点个数,高4的完全二叉树第4层3个叶结点求叶结点总数,B,否,-,完全二叉树结点数与叶结点计算,C5,第5章 树与二叉树
02331 数据结构 2022年4月,7,单选,C5,前序遍历序列相同的二叉树个数,"前序序列a,b,c,d,e相同的不同二叉树个数",C,否,-,不同形态二叉树数目,C5,第5章 树与二叉树
02331 数据结构 2022年4月,8,单选,C6,邻接矩阵零元素个数计算,含n顶点e边有向图邻接矩阵中0的个数,A,否,-,邻接矩阵元素统计与含义,C6,第6章 图结构
02331 数据结构 2022年4月,9,单选,C6,无向图顶点度数与边数关系,无向图顶点度数和为10时顶点最大度数,A,否,-,图的顶点度与边数计算,C6,第6章 图结构
02331 数据结构 2022年4月,10,单选,C6,拓扑排序算法时间复杂度,邻接矩阵存储求拓扑序列的时间复杂度,C,否,选项C原文误排为O(n)，据教材应为O(n+e),拓扑排序时间复杂度,C6,第6章 图结构
02331 数据结构 2022年4月,11,单选,C7,冒泡排序中间状态判断,冒泡排序升序两趟后的序列,B,否,解析提示由前往后冒泡,冒泡排序各趟结果,C7,第7章 内部排序
02331 数据结构 2022年4月,12,单选,C7,排序算法稳定性判断,稳定的排序方法,A,否,-,排序算法稳定性判断,C7,第7章 内部排序
02331 数据结构 2022年4月,13,单选,C7,初始大根堆的建立,"关键码序列30,77,57,12,25,86的初始大根堆",B,否,-,建立大根堆的过程,C7,第7章 内部排序
02331 数据结构 2022年4月,14,单选,C8,二叉排序树关键字有序性,孩子结点与双亲结点关键字的大小关系,D,否,题干中关键字名OCR丢失,二叉排序树结点关键字大小关系,C8,第8章 查找
02331 数据结构 2022年4月,15,单选,C8,线性探查法查找次数计算,H(key)=key%13存29的探查次数,D,否,-,线性探查法探查次数计算,C8,第8章 查找
02331 数据结构 2022年4月,26,解答,C5,哈夫曼树构造与哈夫曼编码,给频次设计哈夫曼树并给出各字符编码,e1:01；e2:10；e3:0000；e4:001；e5:11；e6:0001,否,原批次顺序编号16，原卷题号26；答案附哈夫曼树图,哈夫曼编码构造,C5,第5章 树与二叉树
02331 数据结构 2022年4月,27,解答,C6,由邻接矩阵画图与拓扑序列,由邻接矩阵画出图G并写出一个拓扑序列,"A,C,E,B,D,F",是,原批次顺序编号17，原卷题号27；题27邻接矩阵为图片,拓扑排序序列与邻接矩阵画图,C6,第6章 图结构
02331 数据结构 2022年4月,28,解答,C7,希尔排序增量过程,增量为4、1的希尔排序结果及交换次数,"增4:15,13,04,12,16,16,43,31,21,23；交换3次",否,"原批次顺序编号18，原卷题号28；增1后为最终升序04,12,13,15,16,16,21,23,31,43；答案要点已按40字压缩",希尔排序过程与结果,C7,第7章 内部排序
02331 数据结构 2022年4月,29,解答,C8,二叉排序树删除结点,删除结点22有几种方法并画出结果树,2种，对应两种可能结果,是,原批次顺序编号19，原卷题号29；题29二叉排序树为图片,二叉排序树插入与删除,C8,第8章 查找
02331 数据结构 2022年4月,30,算法,C2,顺序表元素平均值算法阅读,顺序表求平均值函数返回值与功能,返回30；分别求两顺序表元素平均值并输出较大者,是,原批次顺序编号20，原卷题号30；函数f30代码为图片,顺序表算法阅读与设计,C2,第2章 线性表
02331 数据结构 2022年4月,31,算法,C5,二叉树遍历算法输出序列分析,求f31(T)输出结果及算法时间复杂度,ACDEB；O(n),是,原批次顺序编号21，原卷题号31；存储结构定义与题31图为图片,二叉树遍历算法阅读与输出,C5,第5章 树与二叉树
02331 数据结构 2022年4月,32,算法,C7,直接插入排序算法填空,直接插入排序算法补全空白内容,j=i；temp.key<R[j-1].key；j--,是,原批次顺序编号22，原卷题号32；数据类型定义与算法为图片,排序算法程序阅读与填空,C7,第7章 内部排序
02331 数据结构 2022年4月,33,算法,C5,二叉树区间遍历算法功能分析,"求f33(bt,15,25)输出及函数功能","18 16 17；按RNL次序输出[15,25)内元素值",是,原批次顺序编号23，原卷题号33；存储结构定义与题33图为图片,二叉树遍历算法阅读与输出,C5,第5章 树与二叉树
02331 数据结构 2022年4月,34,算法,C8,二分查找确定插入位置算法设计,编写f34用二分查找确定x插入位置使L有序,"原卷答案仅""如图""：二分查找定位后顺序插入元素",否,原批次顺序编号24，原卷题号34；答案以图片形式给出,二分查找确定插入位置算法设计,C8,第8章 查找
02331 数据结构 2022年4月,16,填空,C1,逻辑结构与存储结构的关系,链栈与顺序队列相同的结构,逻辑（结构）,否,原批次顺序编号25，原卷题号16,逻辑结构与存储结构,C1,第1章 绪论
02331 数据结构 2022年4月,17,填空,C2,单链表插入结点指针操作,p指向单链表结点其后再插入r所指结点的语句,p->next=r,否,原批次顺序编号26，原卷题号17,单链表插入结点指针操作语句,C2,第2章 线性表
02331 数据结构 2022年4月,18,填空,C3,递归与栈的关系,实现递归函数调用和返回的数据结构,栈,否,原批次顺序编号27，原卷题号18,递归与栈的关系,C3,第3章 栈和队列
02331 数据结构 2022年4月,19,填空,C4,广义表表头表尾,"求广义表((a,b),(c,d),(e,f),(g,h))的表尾","((c,d),(e,f),(g,h))",否,原批次顺序编号28，原卷题号19,广义表表头表尾运算,C4,第4章 数组、广义表和串
02331 数据结构 2022年4月,20,填空,C5,完全二叉树顺序存储下标关系,按层序存入数组的完全二叉树中A[i]的父结点,A[(i-1)/2],否,原批次顺序编号29，原卷题号20；题干下标表述与0基数组下标不一致,二叉树顺序存储下标关系,C5,第5章 树与二叉树
02331 数据结构 2022年4月,21,填空,C6,拓扑序列个数判定,有向无环图至少两顶点入度为0时拓扑序列个数,至少2个,否,原批次顺序编号30，原卷题号21,拓扑序列个数与唯一性,C6,第6章 图结构
02331 数据结构 2022年4月,22,填空,C5,森林转换为二叉树,森林转二叉树后原叶子结点满足的条件,无左孩子,否,原批次顺序编号31，原卷题号22,树与森林转二叉树,C5,第5章 树与二叉树
02331 数据结构 2022年4月,23,填空,C7,归并排序时间复杂度,二路归并排序算法的时间复杂度,O(nlogn),否,原批次顺序编号32，原卷题号23,各排序算法时间复杂度,C7,第7章 内部排序
02331 数据结构 2022年4月,24,填空,C8,散列表平均查找长度与装填因子,散列表平均查找长度是什么的函数,装填因子,否,原批次顺序编号33，原卷题号24,散列表平均查找长度与装填因子,C8,第8章 查找
02331 数据结构 2022年4月,25,填空,C8,二分查找平均查找长度计算,13个关键字有序表二分查找成功的平均查找长度,41/13,否,原批次顺序编号34，原卷题号25,二分查找平均查找长度,C8,第8章 查找
02331 数据结构 2023年4月,1,单选,C1,空间复杂度概念,算法的空间复杂度表示的是,D,否,原卷答案区缺小题答案，答案由标注员推断,空间复杂度概念,C1,第1章 绪论
02331 数据结构 2023年4月,2,单选,C2,线性表存储结构的选择,频繁插入删除元素的线性表适合的存储方式,B,否,原卷答案区缺小题答案，答案由标注员推断,线性表存储结构的选择,C2,第2章 线性表
02331 数据结构 2023年4月,3,单选,C2,顺序存储逻辑相邻则物理相邻,逻辑相邻的两个元素在两种存储方式下的相邻性,C,否,原卷答案区缺小题答案，答案由标注员推断,顺序存储与链式存储的特点比较,C2,第2章 线性表
02331 数据结构 2023年4月,4,单选,C2,单链表终端结点判定条件,单链表中指针p指向终端结点的条件,D,否,原卷答案区缺小题答案，答案由标注员推断,单链表结点关系与终端结点判定,C2,第2章 线性表
02331 数据结构 2023年4月,5,单选,C3,合理出栈序列判定,"进栈序列5,4,3,2,1可能获得的出栈序列",D,否,原卷答案区缺小题答案，答案由标注员推断,合理出栈序列判定,C3,第3章 栈和队列
02331 数据结构 2023年4月,6,单选,C4,数组存储单元总数计算,三维数组a[7][4][10]每元素2单元所需存储单元总数,A,否,原卷答案区缺小题答案，答案由标注员推断,数组存储单元总数计算,C4,第4章 数组、广义表和串
02331 数据结构 2023年4月,7,单选,C4,广义表的长度,下列广义表中表长为3的选项,B,否,原卷答案区缺小题答案，答案由标注员推断,广义表长度计算,C4,第4章 数组、广义表和串
02331 数据结构 2023年4月,8,单选,C5,满二叉树结点数与深度关系,深度为k的满二叉树包含的结点数,C,否,原卷缺小题答案；选项上标OCR残缺，按2^k-1取值,满二叉树结点数与深度关系,C5,第5章 树与二叉树
02331 数据结构 2023年4月,9,单选,C5,由遍历序列唯一确定二叉树,能唯一确定一棵二叉树的两个遍历序列组合,C,否,原卷答案区缺小题答案，答案由标注员推断,由遍历序列唯一确定二叉树,C5,第5章 树与二叉树
02331 数据结构 2023年4月,10,单选,C6,生成树与最小生成树性质,连通无向带权图G的正确叙述,D,否,原卷答案区缺小题答案，答案由标注员推断,最小生成树的性质,C6,第6章 图结构
02331 数据结构 2023年4月,11,单选,C7,排序算法稳定性判断,下列排序方法中不稳定的方法,A,否,原卷答案区缺小题答案，答案由标注员推断,排序算法稳定性判断,C7,第7章 内部排序
02331 数据结构 2023年4月,12,单选,C6,拓扑排序序列判定,对有向图进行拓扑排序可得到的序列,D,否,原卷图为图片未抽取；据候选序列中顶点不重复排除得D,拓扑序列判定,C6,第6章 图结构
02331 数据结构 2023年4月,13,单选,C8,二分查找的前提条件,能使用二分查找算法的线性表,B,否,原卷答案区缺小题答案，答案由标注员推断,二分查找前提条件,C8,第8章 查找
02331 数据结构 2023年4月,14,单选,C8,散列查找平均查找长度与数据规模无关,平均查找长度与数据规模基本无关的查找算法,B,否,原卷答案区缺小题答案，答案由标注员推断,散列表平均查找长度与装填因子,C8,第8章 查找
02331 数据结构 2023年4月,15,单选,C8,线性探查法查找次数计算,H(key)=key%9时依次存入4和36的探查次数,C,否,原卷答案区缺小题答案，答案由标注员推断,线性探查法探查次数计算,C8,第8章 查找
02331 数据结构 2023年4月,16,填空,C1,散列存储方法,顺序和链接存储中无需连续分配空间的是（）,链接（链式）存储,否,原卷答案区缺小题答案，答案由标注员推断,四种基本存储方法,C1,第1章 绪论
02331 数据结构 2023年4月,17,填空,C2,顺序表元素存储地址计算,首元素地址4000每元素8单元时第11个元素地址,4080,否,原卷答案区缺小题答案，答案由标注员推断,顺序表元素存储地址计算,C2,第2章 线性表
02331 数据结构 2023年4月,18,填空,C2,顺序表元素移动个数,长度n顺序表删除第i个元素需前移的个数,n-i,否,原卷答案区缺小题答案，答案由标注员推断,顺序表插入删除移动元素个数,C2,第2章 线性表
02331 数据结构 2023年4月,19,填空,C3,顺序栈判满条件,栈底在S[m-1]且top==m表栈空时栈满的条件,top==0,否,原卷答案区缺小题答案，答案由标注员推断,顺序栈判空判满条件,C3,第3章 栈和队列
02331 数据结构 2023年4月,20,填空,C3,队列的定义与特性,一端插入另一端删除的线性表,队列,否,原卷答案区缺小题答案，答案由标注员推断,栈与队列的定义与特性,C3,第3章 栈和队列
02331 数据结构 2023年4月,21,填空,C4,广义表表头表尾,"A=(a,b,c,(e,f,g,h))时head(tail(tail(A)))的值",c,否,原卷答案区缺小题答案，答案由标注员推断,广义表表头表尾运算,C4,第4章 数组、广义表和串
02331 数据结构 2023年4月,22,填空,C5,哈夫曼树定义与带权路径长度,"权值1,3,5,7四个叶子结点构哈夫曼树的WPL",29,否,原卷答案区缺小题答案，答案由标注员推断,哈夫曼树构造与带权路径长度,C5,第5章 树与二叉树
02331 数据结构 2023年4月,23,填空,C7,排序稳定性定义,排序算法不稳定时相同关键字记录的相对次序,可能改变（不保证保持）,否,原卷答案区缺小题答案，答案由标注员推断,排序算法稳定性判断,C7,第7章 内部排序
02331 数据结构 2023年4月,24,填空,C8,二叉排序树最坏情况深度,m个结点二叉排序树可能的最大深度,m,否,原卷答案区缺小题答案，答案由标注员推断,二叉排序树构造形态与高度,C8,第8章 查找
02331 数据结构 2023年4月,25,填空,C6,深度优先搜索遍历序列,从顶点v3出发按邻接表次序的DFS序列,-,是,邻接表A为图片未抽取，序列无法确定，答案缺失,深度优先与广度优先搜索,C6,第6章 图结构
02331 数据结构 2023年4月,26,解答,C3,循环队列操作语句与长度表达式,用C语言描述循环队列入队出队求元素个数,入队Q[rear]=x;rear=(rear+1)%N；出队myData=Q[front];front=(front+1)%N；长度(rear-front+N)%N,否,原卷答案区无本题答案，答案自推；写出操作语句按同系列卷惯例归解答,循环队列元素个数计算,C3,第3章 栈和队列
02331 数据结构 2023年4月,27,解答,C4,稀疏矩阵三元组表,给稀疏矩阵M的三元组表类型定义并按列优先写出该表,定义含行标、列标、值的三元组数组；非零元按列优先列出,是,OCR核对题面一致；原卷答案区无本题答案，答案由标注推导,稀疏矩阵三元组表,C4,第4章 数组、广义表和串
02331 数据结构 2023年4月,28,解答,C7,建立大根堆的过程,由关键字序列画完全二叉树并调整为大根堆,"大根堆序列75,53,48,37,37,31,45,18（按层序）",否,"OCR核对题面一致(序列45,37,75,18,53,31,48,37)；原卷答案区无答案，堆序列由标注推导",建立大根堆的过程,C7,第7章 内部排序
02331 数据结构 2023年4月,29,解答,C5,哈夫曼树构造与WPL计算,按成绩分布画哈夫曼判定树并求WPL,按权值由小到大合并构造判定树；WPL为叶权值×路径长度之和,是,OCR核对题面一致(百分制成绩分五等级)；成绩分布表为图片，答案由标注推导,哈夫曼树构造与带权路径长度,C5,第5章 树与二叉树
02331 数据结构 2023年4月,30,算法,C2,单链表删除指定值结点的算法填空,填空补全删除单链表中data值为x全部结点的算法,(1)head->next；(2)q->data==x；(3)q->next,否,-,单链表算法填空与设计,C2,第2章 线性表
02331 数据结构 2023年4月,31,算法,C5,二叉树遍历算法输出序列分析,阅读f31写出输出序列并说明遍历次序,FDECBA；RLN次序（先序遍历的逆）,是,OCR核对题面一致(答案FDECBA、RLN次序)；题中二叉树图缺失,二叉树遍历算法阅读与输出,C5,第5章 树与二叉树
02331 数据结构 2023年4月,32,算法,C7,直接插入排序算法识别,阅读f32写出输出序列并说明算法功能,"3,4,5,6,9,12,35,78；直接插入排序",是,"OCR核对f32为直接插入排序(原PDF截断)；答案3,4,5,6,9,12,35,78",排序算法程序阅读与填空,C7,第7章 内部排序
02331 数据结构 2023年4月,33,算法,C8,二分查找算法填空,二分查找算法填空（原卷题面无文字）,(1)R[mid].key>k；(2)-1和5,是,原卷题面文字缺失(仅存程序)；据答案R[mid].key、-1和5判为二分查找填空，仍存疑,二分查找算法填空与功能分析,C8,第8章 查找
02331 数据结构 2023年4月,34,算法,C5,二叉树算法设计求最大值,试编写求二叉树中最大结点值的算法（题面无文字）,递归比较根值与左右子树最大值后返回最大者,是,OCR得f34返回根、左右子树三者最大值；原卷题面文字缺失，据参考代码判为二叉树求最大值,二叉树结点值统计算法设计,C5,第5章 树与二叉树
02331 数据结构 2024年10月【广东】,1,单选,C1,数据结构指逻辑结构与存储结构,关于数据结构说法正确的选项,B,否,-,数据结构的研究内容与三要素,C1,第1章 绪论
02331 数据结构 2024年10月【广东】,2,单选,C2,顺序表元素移动个数,长度n顺序表删除第i个元素需前移的个数,C,否,-,顺序表插入删除移动元素个数,C2,第2章 线性表
02331 数据结构 2024年10月【广东】,3,单选,C2,链式存储结构特点,关于链式存储说法正确的选项,B,否,-,顺序存储与链式存储的特点比较,C2,第2章 线性表
02331 数据结构 2024年10月【广东】,4,单选,C3,循环队列元素个数计算,循环队列当前元素个数的表达式,D,否,-,循环队列元素个数计算,C3,第3章 栈和队列
02331 数据结构 2024年10月【广东】,5,单选,C5,二叉树深度与最多结点数关系,深度为3的二叉树至多可有的结点数,B,否,-,二叉树性质计算,C5,第5章 树与二叉树
02331 数据结构 2024年10月【广东】,6,单选,C7,排序算法时间复杂度比较,按时间复杂度排序最快的算法,A,否,-,排序方法时间复杂度比较,C7,第7章 内部排序
02331 数据结构 2024年10月【广东】,7,单选,C7,排序算法稳定性判断,下列排序算法中不稳定的算法,D,否,-,排序算法稳定性判断,C7,第7章 内部排序
02331 数据结构 2024年10月【广东】,8,单选,C7,堆排序所属类别,堆排序属于哪一类排序方法,C,否,-,堆排序所属类别,C7,第7章 内部排序
02331 数据结构 2024年10月【广东】,9,单选,C8,散列查找平均查找长度与数据规模无关,平均查找长度与结点个数n无关的查找方法,A,否,-,散列表平均查找长度与装填因子,C8,第8章 查找
02331 数据结构 2024年10月【广东】,10,单选,C8,除留余数法散列函数参数选择,H(key)=key%p中p的最好取值,A,否,-,散列基本思想与散列函数构造,C8,第8章 查找
02331 数据结构 2024年10月【广东】,11,填空,C1,常数阶时间复杂度表示,执行时间与问题规模n无关时常数的时间复杂度,O(1),否,-,常数阶时间复杂度表示,C1,第1章 绪论
02331 数据结构 2024年10月【广东】,12,填空,C1,数据元素与数据类型基本概念,数据类型分为原子类型和____,结构类型,否,-,数据元素、数据项与数据类型,C1,第1章 绪论
02331 数据结构 2024年10月【广东】,13,填空,C2,带头结点单链表判空条件,带头结点单链表为空的判断条件,head->next==NULL,否,-,单链表判空条件,C2,第2章 线性表
02331 数据结构 2024年10月【广东】,14,填空,C2,顺序表元素移动个数,长度n顺序表第i个位置插入元素的移动次数,n-i+1,否,-,顺序表插入删除移动元素个数,C2,第2章 线性表
02331 数据结构 2024年10月【广东】,15,填空,C2,线性表的表头与表尾元素,线性表中没有后继的终端元素,终端元素,否,-,线性表的定义与基本操作,C2,第2章 线性表
02331 数据结构 2024年10月【广东】,16,填空,C4,二维数组行优先元素位置,3×8数组按行优先存储的第10个元素,N[1][1],否,-,多维数组行主序地址计算,C4,第4章 数组、广义表和串
02331 数据结构 2024年10月【广东】,17,填空,C6,有向图最多边数,n个顶点的有向图最多边数,n(n-1),否,-,连通图与强连通图边数极值,C6,第6章 图结构
02331 数据结构 2024年10月【广东】,18,填空,C7,基本有序时的排序算法选择,关键字基本有序时适宜选用的排序算法,冒泡排序,否,-,排序算法与初始状态的关系,C7,第7章 内部排序
02331 数据结构 2024年10月【广东】,19,填空,C7,归并排序适用的存储结构,归并排序易于实现的存储结构,链式,否,-,排序算法与存储结构的适用性,C7,第7章 内部排序
02331 数据结构 2024年10月【广东】,20,填空,C8,查找的基本操作是对关键字比较,查找运算的主要操作,比较,否,-,查找基本概念,C8,第8章 查找
02331 数据结构 2024年10月【广东】,21,解答,C5,二叉树遍历算法输出序列分析,写出题21图二叉树的前序中序后序序列,前序ABDEGHCFI；中序DBGEHACFI；后序DGHEBIFCA,是,题21图为图片未抽取，答案区给出三序列,二叉树遍历算法阅读与输出,C5,第5章 树与二叉树
02331 数据结构 2024年10月【广东】,22,解答,C7,直接插入排序各趟结果,对序列降序直接插入排序写出每趟结果,"[56,34][12,89,43,67,25]起逐趟插入，末趟[89,67,56,43,34,12,25]",否,答案区给出全部7趟结果,直接插入排序各趟结果,C7,第7章 内部排序
02331 数据结构 2024年10月【广东】,23,解答,C6,迪杰斯特拉算法求最短路径,写出A到其他各顶点的最短路径及长度,B:A->B(1)；C:A->C(3)；D:A->D(4)；E:A->B->E(6)；F:A->B->F(5),是,题23图为图片未抽取，答案区给出各路径,迪杰斯特拉算法求最短路径,C6,第6章 图结构
02331 数据结构 2024年10月【广东】,24,解答,C5,n个结点二叉树形态数,画出具有3个结点的二叉树的所有形态,共5种形态（根无左无右、仅有左、仅有右、左右各一两种）,是,答案区为图片未抽取,不同形态二叉树数目,C5,第5章 树与二叉树
02331 数据结构 2024年10月【广东】,25,解答,C4,广义表表头表尾,"求L=(a,(b,c),(x,(y,z),w))的表头表尾表长深度","head(L)=a；tail(L)=((b,c),(x,(y,z),w))；表长3；深度3",否,-,广义表表头表尾运算,C4,第4章 数组、广义表和串
02331 数据结构 2024年10月【广东】,26,算法,C2,单链表算法功能与复杂度分析,说明函数f26的功能并比较数组实现的时间复杂度,按奇偶值把链表分解为两个链表并保持相对次序；两者均O(n),是,函数体为图片未抽取，据答案文字推断,单链表算法阅读与功能分析,C2,第2章 线性表
02331 数据结构 2024年10月【广东】,27,算法,C4,广义表存储结构建立算法,说明函数f27建立广义表存储结构的功能,用头尾链式结构递归建立广义表的存储结构,是,结点定义与函数体为图片未抽取，答案区为空,广义表存储结构,C4,第4章 数组、广义表和串
02331 数据结构 2024年10月【广东】,28,算法,C6,广度优先搜索遍历序列与时间复杂度,写BFS遍历序列并比较邻接表与邻接矩阵的复杂度,"序列4,3,2,0,1；邻接表O(n+e)，邻接矩阵O(n^2)",是,邻接表图为图片未抽取，答案区给出序列,深度优先与广度优先搜索,C6,第6章 图结构
02331 数据结构 2024年10月【广东】,29,算法,C8,二分查找确定插入位置算法设计,二分查找有序表中插入元素x的算法填空,(1)high=mid-1；(2)R[i+1]=R[i]；(3)R[inspace].key=x,是,函数体为图片未抽取，答案区给出三个空,二分查找确定插入位置算法设计,C8,第8章 查找
02331 数据结构 2024年10月【广东】,30,算法,C3,栈的应用（括号匹配）,利用栈的基本操作编写Expr函数判断括号是否匹配,左括号入栈；右括号与栈顶配对出栈；扫完栈空返回1,是,OCR补出题面(链栈定义+括号匹配)与参考程序，答案不唯一,栈在括号匹配中的应用,C3,第3章 栈和队列
2026年4月自考13181数据结构试题试题及答案,1,单选,C1,算法特性之输出,关于算法特性描述正确的选项,C,否,-,算法的定义与五个特性,C1,第1章 绪论
2026年4月自考13181数据结构试题试题及答案,2,单选,C2,单循环链表尾结点判定条件,带头结点单循环链表中p指向尾结点的条件,B,否,-,单循环链表尾结点与遍历条件,C2,第2章 线性表
2026年4月自考13181数据结构试题试题及答案,3,单选,C3,循环队列判空条件,front指队头rear指队尾后空位时队空的判定条件,D,否,-,循环队列判空判满条件,C3,第3章 栈和队列
2026年4月自考13181数据结构试题试题及答案,4,单选,C4,稀疏矩阵三元组表,保存三元组表采用的存储结构,A,否,-,稀疏矩阵三元组表,C4,第4章 数组、广义表和串
2026年4月自考13181数据结构试题试题及答案,5,单选,C5,二叉链表空指针域个数,80个结点二叉树链式存储的空指针域个数,C,否,-,二叉树链式存储空指针域个数,C5,第5章 树与二叉树
2026年4月自考13181数据结构试题试题及答案,6,单选,C6,图的遍历定义与特性,关于图的遍历描述正确的选项,D,否,-,图的遍历概念与辅助结构,C6,第6章 图结构
2026年4月自考13181数据结构试题试题及答案,7,单选,C6,生成树边数与顶点数关系,含n个顶点的无向连通图生成树的边数,D,否,-,最小生成树的边数,C6,第6章 图结构
2026年4月自考13181数据结构试题试题及答案,8,单选,C7,排序算法的稳定性判定,不改变关键字相同元素相对位置的排序方法,B,否,-,排序算法稳定性判断,C7,第7章 内部排序
2026年4月自考13181数据结构试题试题及答案,9,单选,C8,分块查找的特点,索引顺序查找（分块查找）的要求,B,否,-,分块查找前提条件与过程,C8,第8章 查找
2026年4月自考13181数据结构试题试题及答案,10,单选,C8,散列表的存储结构,哈希方法使用的存储结构,A,否,-,散列基本思想与散列函数构造,C8,第8章 查找
2026年4月自考13181数据结构试题试题及答案,11,填空,C1,散列存储方法,按关键字计算元素物理存储位置的存储方法,散列（哈希）存储,否,-,四种基本存储方法,C1,第1章 绪论
2026年4月自考13181数据结构试题试题及答案,12,填空,C2,线性表基本操作find,"线性表s=(1,3,5,7,9)执行find(s,3)的返回值",2,否,参考答案据元素3在表中的位置给出，若按0起始下标则为1，存疑,线性表的定义与基本操作,C2,第2章 线性表
2026年4月自考13181数据结构试题试题及答案,13,填空,C3,栈的入栈操作条件,栈不满时允许进行的操作,入栈,否,-,顺序栈判空判满条件,C3,第3章 栈和队列
2026年4月自考13181数据结构试题试题及答案,14,填空,C4,空表的含义,长度为0的广义表称为____,空表,否,-,广义表空表与递归性质,C4,第4章 数组、广义表和串
2026年4月自考13181数据结构试题试题及答案,15,填空,C5,由前序中序序列还原二叉树,由先序遍历序列和哪种遍历序列可唯一确定二叉树,中序,否,-,由前序中序序列构造二叉树,C5,第5章 树与二叉树
2026年4月自考13181数据结构试题试题及答案,16,填空,C5,哈夫曼树结点的权值,（题干缺失，答案页仅为权值）,权值,是,原卷缺第16题题面(答案页仅'权值')；OCR 后仍未确定，据答案推为哈夫曼树,哈夫曼树构造与带权路径长度,C5,第5章 树与二叉树
2026年4月自考13181数据结构试题试题及答案,17,填空,C6,无向图邻接矩阵的对称性,无向图的邻接矩阵是什么矩阵,对称,否,-,图的邻接矩阵表示与对称性,C6,第6章 图结构
2026年4月自考13181数据结构试题试题及答案,18,填空,C7,排序关键字升序与降序,关键字值依从小到大排列时称为____,升序,否,-,内排序基本概念,C7,第7章 内部排序
2026年4月自考13181数据结构试题试题及答案,19,填空,C7,归并排序辅助数组长度,参与归并的两序列长为n和m时辅助数组长度,n+m,否,-,排序算法空间复杂度比较,C7,第7章 内部排序
2026年4月自考13181数据结构试题试题及答案,20,填空,C8,B树的插入位置,B树都是在____处插入新关键字,叶子（最底层非叶结点）,否,参考答案表述含歧义（叶子与最底层非叶结点并列），存疑,B树插入与结点分裂,C8,第8章 查找
2026年4月自考13181数据结构试题试题及答案,21,解答,C4,二维数组行主序地址计算,A[9][5]行主序每元素4单元由A[1][4]地址2000求A[7][3]地址,1964为A[0][0]；A[7][3]=2116,否,-,多维数组行主序地址计算,C4,第4章 数组、广义表和串
2026年4月自考13181数据结构试题试题及答案,22,解答,C6,克鲁斯卡尔算法求最小生成树,写出克鲁斯卡尔算法求最小生成树的过程,按权值从小到大取边，不构成回路则并入，取满n-1条边,否,-,克鲁斯卡尔算法求最小生成树,C6,第6章 图结构
2026年4月自考13181数据结构试题试题及答案,23,解答,C4,广义表表头表尾,"写出广义表A=(3,5)、B、C=(A)的表头和表尾","A：头3尾(5)；B：头'm'尾((2,3,t'))；C：头A尾()",否,B表OCR残缺（'m'与t'），按参考答案文字标注,广义表表头表尾运算,C4,第4章 数组、广义表和串
2026年4月自考13181数据结构试题试题及答案,24,解答,C7,建立大根堆的过程,将序列建成一个最大堆并画出堆,"从最后一个非叶结点起筛选；层序73,61,44,52,5,34,21,14,2",否,答案区图形残缺，堆层序由标注员推导,建立大根堆的过程,C7,第7章 内部排序
2026年4月自考13181数据结构试题试题及答案,25,解答,C8,二叉排序树平均查找长度计算,计算题25图三棵二叉查找树查找成功的平均查找长度,三树均5个结点，按各结点深度乘概率求和（保留1位小数）,是,三棵树为图片未抽取，答案区未给数值,二叉排序树平均查找长度,C8,第8章 查找
2026年4月自考13181数据结构试题试题及答案,26,算法,C2,单链表删除后继结点算法填空,填空补全删除current所指结点后续结点的算法,(1)temp=current->next；(2)current->next=temp->next；(3)free(temp),是,程序为扫描图片且OCR残缺，据答案页空推断,单链表算法填空与设计,C2,第2章 线性表
2026年4月自考13181数据结构试题试题及答案,27,算法,C3,对顶栈出栈算法填空,填空补全对顶栈的出栈算法,(1)flag==-1&&lefttop==-1；(2)flag==1&&righttop==maxSize-1；(3)*x=element[lefttop--],是,程序OCR残缺；参考答案(2)作righttop==maxSize，疑应为maxSize-1,两栈共享空间的判定与操作,C3,第3章 栈和队列
2026年4月自考13181数据结构试题试题及答案,28,算法,C5,二叉树度为2的结点个数统计,说明fun函数功能并求题28图二叉树的返回结果,统计度为2的结点个数（参考答案称度为1）,是,参考答案与代码矛盾：仅左右子树均非空时加1，实为度为2的结点数,二叉树结点计数算法设计,C5,第5章 树与二叉树
2026年4月自考13181数据结构试题试题及答案,29,算法,C5,二叉树遍历算法输出序列分析,说明fun函数功能并写出题29图的中序输出结果,按中序遍历输出各结点数据,是,题29图为图片未抽取，答案区未给具体序列,二叉树遍历算法阅读与输出,C5,第5章 树与二叉树
2026年4月自考13181数据结构试题试题及答案,30,算法,C2,单链表删除重复结点算法设计,编写算法删除单链表中元素值重复的结点,deleteDuplicates：对每个结点p删除其后data相同的结点,否,OCR补出题面与参考程序，答案不唯一,单链表算法填空与设计,C2,第2章 线性表
02331 数据结构 2015年4月,1,单选,C1,时间复杂度阶的比较,以下各阶时间复杂度中性能最优的是,A,否,解析用堆排序说明，与题干无关,算法时间复杂度,C1,第1章 绪论
02331 数据结构 2015年4月,2,单选,C2,单循环链表判空条件,带头结点单循环链表为空时的指针关系,D,否,-,循环链表与双向链表判空条件,C2,第2章 线性表
02331 数据结构 2015年4月,3,单选,C3,合理出栈序列的判定,"进栈序列a,b,c,d,e中不可能的出栈序列",A,否,-,合理出栈序列判定,C3,第3章 栈和队列
02331 数据结构 2015年4月,4,单选,C3,循环队列出队入队指针变化,数组大小6，rear=0、front=3，出队1个再入队2个后指针值,C,否,题干解析空白，答案据原卷答案区,循环队列指针变化与下标计算,C3,第3章 栈和队列
02331 数据结构 2015年4月,5,单选,C4,多维数组行主序地址计算,二维数组a[10][20]行优先存放求a[6][2]地址,B,否,OCR将a[10][20]误扫为a[101120],多维数组行主序地址计算,C4,第4章 数组、广义表和串
02331 数据结构 2015年4月,6,单选,C4,广义表的深度,"广义表A=(a,(b,c,(e,f,g,h)))的深度",B,否,题干括号OCR残缺，据解析判深度为3,广义表深度计算,C4,第4章 数组、广义表和串
02331 数据结构 2015年4月,7,单选,C5,二叉链表空指针域个数,n个结点的二叉链表中空指针域的个数,B,否,-,二叉树链式存储空指针域个数,C5,第5章 树与二叉树
02331 数据结构 2015年4月,8,单选,C5,哈夫曼树结点总数,含n个叶结点的哈夫曼树中结点总数,C,否,-,哈夫曼树结点数计算,C5,第5章 树与二叉树
02331 数据结构 2015年4月,9,单选,C6,邻接表表结点个数与图类型,图G邻接表有奇数个表结点时的正确结论,D,否,-,图的邻接表存储,C6,第6章 图结构
02331 数据结构 2015年4月,10,单选,C6,拓扑序列的存在性与唯一性,有向无环图拓扑排序序列的存在性与唯一性,C,否,-,拓扑序列的存在条件,C6,第6章 图结构
02331 数据结构 2015年4月,11,单选,C6,广度优先搜索遍历序列,对给定图不能得到的广度优先遍历序列,B,是,"题干依赖""下图""，图缺失，选项退化为A~D",深度优先与广度优先搜索,C6,第6章 图结构
02331 数据结构 2015年4月,12,单选,C7,排序算法效率与辅助空间比较,效率较高且辅助空间最少的排序方法,C,否,解析空白,排序算法空间复杂度比较,C7,第7章 内部排序
02331 数据结构 2015年4月,13,单选,C7,排序算法平均比较次数比较,平均比较次数最少的排序方法,B,否,-,排序方法时间复杂度比较,C7,第7章 内部排序
02331 数据结构 2015年4月,14,单选,C8,二分查找最大比较次数,16个元素有序表二分查找最多比较次数,C,否,答案解析公式log2n+1表述不规范,二分查找比较次数,C8,第8章 查找
02331 数据结构 2015年4月,15,单选,C8,m阶B树定义,不符合m阶B树定义的叙述,D,否,-,m阶B树定义,C8,第8章 查找
02331 数据结构 2015年4月,16,填空,C1,算法特性之确定性,算法五准则中含义为指令无二义性的是____,确定性,否,-,算法的定义与五个特性,C1,第1章 绪论
02331 数据结构 2015年4月,17,填空,C1,常数阶时间复杂度表示,大O表示法下常数阶算法的时间复杂度记为____,O(1),否,-,常数阶时间复杂度表示,C1,第1章 绪论
02331 数据结构 2015年4月,18,填空,C2,线性表存储结构的选择,频繁增删元素的线性表应选用的存储结构,链式存储结构,否,-,线性表存储结构的选择,C2,第2章 线性表
02331 数据结构 2015年4月,19,填空,C3,队列连续出队的元素序列,"队列已有1,3,5，再入队2,4,6,8,10后连续6次出队序列","1,3,5,2,4,6",否,-,队列出队入队元素序列,C3,第3章 栈和队列
02331 数据结构 2015年4月,20,填空,C4,广义表head与tail运算,广义表A的head(tail(A))的值,"(b,c,(e,f,g,h))",否,题干括号与元素OCR残缺,广义表表头表尾运算,C4,第4章 数组、广义表和串
02331 数据结构 2015年4月,21,填空,C5,后序线索二叉树空指针域个数,右子树为空的二叉树后序线索化后空指针域个数,2,否,-,线索二叉树与线索化,C5,第5章 树与二叉树
02331 数据结构 2015年4月,22,填空,C6,图的邻接矩阵,用矩阵作为图的存储结构时该矩阵的名称,邻接矩阵,否,-,图的邻接矩阵表示与对称性,C6,第6章 图结构
02331 数据结构 2015年4月,23,填空,C6,普里姆算法求最小生成树,普里姆算法得到带权连通图的什么,最小生成树,否,-,普里姆算法求最小生成树,C6,第6章 图结构
02331 数据结构 2015年4月,24,填空,C7,希尔排序增量序列末项,希尔排序增量序列中最后一个增量必须为____,1,否,-,希尔排序增量序列性质,C7,第7章 内部排序
02331 数据结构 2015年4月,25,填空,C7,基本有序时的排序算法选择,关键字基本有序时快速排序与直接插入排序哪个效率高,直接插入排序,否,-,排序算法与初始状态的关系,C7,第7章 内部排序
02331 数据结构 2015年4月,26,解答,C3,顺序栈判空判满与入栈语句,栈底在MaxSize-1的顺序栈的判空判满条件与入栈语句,栈空S.top=MaxSize-1；栈满S.top==-1；S.data[S.top--]=x,否,顺序栈类型定义为图片未抽取；答案注明本题不唯一,顺序栈判空判满条件,C3,第3章 栈和队列
02331 数据结构 2015年4月,27,解答,C4,空表表示与广义表存储结构,"空广义表的表示及A=(a,(b,c))的存储结构",A=NULL；按结点逐个画出存储结构,否,第(2)问答案为图片，未能抽取,广义表存储结构,C4,第4章 数组、广义表和串
02331 数据结构 2015年4月,28,解答,C8,线性探查法构造散列表并求ASL,H(key)=key%11，线性探查法散列并求查找成功ASL,按线性探查填入HT[0..10]；ASL按各关键字比较次数计算,否,散列表答案为图片，未能抽取,线性探查法构造散列表,C8,第8章 查找
02331 数据结构 2015年4月,31,算法,C2,单链表删除指定值结点的算法填空,带头结点单链表中删除所有值为X的结点，填空,(1)p->next=q；(2)q=q->next,是,卷内原题号为31；函数体为图片，题面残缺,单链表算法填空与设计,C2,第2章 线性表
02331 数据结构 2015年4月,32,算法,C7,单链表选择排序算法填空,带头结点单链表上实现选择排序，填空并判断稳定性,(1)q->next；(2)p->next=q->next；(3)r0->next=q；是稳定排序,是,卷内原题号为32；函数体为图片；原题29、30在本卷抽取中缺失,排序算法程序阅读与填空,C7,第7章 内部排序
02331 数据结构 2016年10月,1,单选,C1,线性结构特征的判定,不属于线性结构特征的选项,D,否,解析空白,线性结构与非线性结构判定,C1,第1章 绪论
02331 数据结构 2016年10月,2,单选,C2,顺序表元素移动个数,17个元素顺序表中把第i个元素移到第j个位置需移动个数,C,否,-,顺序表插入删除移动元素个数,C2,第2章 线性表
02331 数据结构 2016年10月,3,单选,C3,循环队列队头队尾指针判定,题面无文字，仅存数值对选项，答B（2和4）,B,是,题干与解析均缺失；据选项为数值对且位于顺序表与广义表题之间，推断属栈/队列指针问题，存疑,循环队列指针变化与下标计算,C3,第3章 栈和队列
02331 数据结构 2016年10月,4,单选,C4,广义表的长度,"广义表LS=(((a)),((b,(c)),(d,(e,f))),0)的长度",B,否,解析实际在讲深度，与题干问长度不符,广义表长度计算,C4,第4章 数组、广义表和串
02331 数据结构 2016年10月,5,单选,C5,由前序中序序列还原二叉树,前序abced、中序cebda求后序遍历序列,C,否,解析空白,由前序中序序列构造二叉树,C5,第5章 树与二叉树
02331 数据结构 2016年10月,6,单选,C5,森林的树的数目与顶点边数,n个结点k条边的非连通无向森林中树的数目,D,否,参考答案D(n+k)与其解析n=m+k矛盾，标准结论应为n-k，答案存疑,树与森林的关系,C5,第5章 树与二叉树
02331 数据结构 2016年10月,7,单选,C7,每趟确定最终位置的排序算法,每趟都能选出一个元素放到最终位置的排序算法,D,否,解析称只有D不稳定，但冒泡排序是稳定的，表述混乱,每趟确定最终位置的排序算法,C7,第7章 内部排序
02331 数据结构 2016年10月,8,单选,C7,多趟排序结果反推排序方法,给出前三趟排序结果反推所用排序方法,A,否,-,一趟排序结果反推算法,C7,第7章 内部排序
02331 数据结构 2016年10月,9,单选,C8,二分查找比较次数,"有序表{9,12,21,32,41,45,52}中查找52的比较次数",C,否,-,二分查找比较次数,C8,第8章 查找
02331 数据结构 2016年10月,10,单选,C8,顺序查找适用存储结构,顺序与链式存储结构均适用的查找方法,B,否,-,顺序查找的适用范围,C8,第8章 查找
02331 数据结构 2016年10月,11,单选,C8,m阶B树非根结点关键字个数下限,5阶B树中每个非根结点关键字个数最少值,B,否,解析空白；本卷单选为1~11题，卷型异常,B树非根结点关键字个数范围,C8,第8章 查找
02331 数据结构 2016年10月,12,填空,C3,两栈共享空间的栈底位置,S1、S2共用S[0..99]且S2栈底在S[99]，求S1栈底,S[0],否,本卷填空为12~20题共9空，卷型异常,两栈共享空间的判定与操作,C3,第3章 栈和队列
02331 数据结构 2016年10月,13,填空,C2,单链表插入结点语句,在指针q所指结点之后插入s所指结点的语句,s->next=q->next；q->next=s,否,答案OCR把箭头误为减号、q->next误为q->neXt,单链表插入结点指针操作语句,C2,第2章 线性表
02331 数据结构 2016年10月,14,填空,C2,顺序表元素存储地址计算,首地址1000、每元素6单元，求第11个元素地址,1060,否,-,顺序表元素存储地址计算,C2,第2章 线性表
02331 数据结构 2016年10月,15,填空,C5,二叉树顺序存储右孩子下标,结点存于A[7]，其右孩子所在数组下标,A[16],否,"题干""若X有右孩子结点L则Y保存在""OCR错乱",二叉树顺序存储下标关系,C5,第5章 树与二叉树
02331 数据结构 2016年10月,16,填空,C4,广义表head运算,"广义表LS=((a,b),c,d)的head(LS)","(a,b)",否,"题干OCR残缺为((≈b),c,d)",广义表表头表尾运算,C4,第4章 数组、广义表和串
02331 数据结构 2016年10月,17,填空,C6,无向图邻接矩阵的对称性,"无向图邻接矩阵中A[i,j]=1时A[j,i]的值",1,否,-,图的邻接矩阵表示与对称性,C6,第6章 图结构
02331 数据结构 2016年10月,18,填空,C5,大根堆中元素可能位置,大根堆中第3大元素可能存在的位置个数,6,否,"题干""最大元素在难项""为OCR错误，应为堆顶",堆的定义与性质判定,C5,第5章 树与二叉树
02331 数据结构 2016年10月,19,填空,C8,顺序查找成功平均查找长度,n个元素顺序表等概率查找成功时的ASL,(n+1)/2,否,"题干末句""平均""之后文字缺失",顺序查找平均查找长度,C8,第8章 查找
02331 数据结构 2016年10月,20,填空,C8,散列冲突的解决方法,线性探查法和拉链法解决散列存储中的什么问题,冲突,否,-,散列冲突解决方法,C8,第8章 查找
02331 数据结构 2021年4月,1,单选,C1,线性结构的判别,不属于线性结构的选项,D,否,-,线性结构与非线性结构判定,C1,第1章 绪论
02331 数据结构 2021年4月,2,单选,C2,单循环链表尾指针操作时间复杂度,仅设尾指针的单循环链表尾部插入与删除首结点的时间复杂度,A,否,解析空白,单循环链表尾结点与遍历条件,C2,第2章 线性表
02331 数据结构 2021年4月,3,单选,C3,栈的应用（后缀表达式求值）,会用到栈的应用,A,否,解析空白,后缀表达式求值使用栈,C3,第3章 栈和队列
02331 数据结构 2021年4月,4,单选,C3,合理出栈序列的判定,入栈序列1~5中不可能得到的出栈序列,B,否,解析空白,合理出栈序列判定,C3,第3章 栈和队列
02331 数据结构 2021年4月,5,单选,C4,广义表表头head,广义表LS的head(LS),D,否,题干括号OCR残缺,广义表表头表尾运算,C4,第4章 数组、广义表和串
02331 数据结构 2021年4月,6,单选,C2,顺序表元素地址计算,首地址200、每元素8单元，求第5个元素末地址,A,否,-,顺序表元素存储地址计算,C2,第2章 线性表
02331 数据结构 2021年4月,7,单选,C5,完全二叉树结点数与叶结点数,叶结点全在同层且分支结点均有两孩的完全二叉树结点数,B,否,选项OCR残缺，C选项重复且k与2k-1断行,完全二叉树结点数与叶结点计算,C5,第5章 树与二叉树
02331 数据结构 2021年4月,8,单选,C5,哈夫曼树结点总数,n个字符进行哈夫曼编码所得哈夫曼树结点总数,A,否,"题干""字符集中有个字符""缺n",哈夫曼树结点数计算,C5,第5章 树与二叉树
02331 数据结构 2021年4月,9,单选,C6,由邻接矩阵求顶点度,由邻接矩阵A求各顶点的度,C,是,邻接矩阵为图片未抽取，据答案C推断,邻接矩阵求顶点度,C6,第6章 图结构
02331 数据结构 2021年4月,10,单选,C6,深度优先搜索遍历序列,对题10-11图进行深度优先遍历的正确序列,A,是,图为图片缺失，据答案A推断,深度优先与广度优先搜索,C6,第6章 图结构
02331 数据结构 2021年4月,11,单选,C6,拓扑排序序列,对题10-11图进行拓扑排序的正确序列,D,是,图为图片缺失，据答案D推断,拓扑排序序列与邻接矩阵画图,C6,第6章 图结构
02331 数据结构 2021年4月,12,单选,C7,稳定排序方法判别,不是稳定排序方法的选项,D,否,-,排序算法稳定性判断,C7,第7章 内部排序
02331 数据结构 2021年4月,13,单选,C7,两趟排序结果反推排序算法,由第二趟排序结果判断所用排序算法,C,否,-,一趟排序结果反推算法,C7,第7章 内部排序
02331 数据结构 2021年4月,14,单选,C8,二分查找比较关键字序列,有序表中查找9时依次比较的关键字,B,否,-,二分查找比较次数,C8,第8章 查找
02331 数据结构 2021年4月,15,单选,C8,二叉排序树不同插入序列的高度,不同插入序列建立的二叉排序树中高度最高者,B,否,-,二叉排序树构造形态与高度,C8,第8章 查找
02331 数据结构 2021年4月,26,解答,C5,二叉树与树或森林的相互转换,画出题26图所示二叉树对应的树或森林,按孩子-兄弟表示法还原为树或森林,是,"题干""题26图""为图片缺失；本卷原题号为26",树与森林转二叉树,C5,第5章 树与二叉树
02331 数据结构 2021年4月,27,解答,C6,迪杰斯特拉算法求最短路径,求题27图从顶点A到其余各顶点的最短路径及长度,用Dijkstra逐步标号，给出各路径顶点序列与路径长度,是,"题干""题27图""缺失且答案区为空；本卷原题号为27",迪杰斯特拉算法求最短路径,C6,第6章 图结构
02331 数据结构 2021年4月,28,解答,C7,二路归并排序各趟结果,对13个元素序列做二路归并排序，给出各趟结果,给出初始及四趟归并结果，末趟为有序序列,否,本卷原题号为28,二路归并排序各趟结果,C7,第7章 内部排序
02331 数据结构 2021年4月,29,解答,C8,线性探查法构造散列表并求ASL,H(key)=key%7，构造散列表并求查找成功ASL,按线性探查法填入0~6号单元；ASL按各关键字比较次数计算,否,答案区为空且散列表为图片；本卷原题号为29,线性探查法构造散列表,C8,第8章 查找
02331 数据结构 2021年4月,30,算法,C2,顺序表建表算法功能与输出分析,顺序表类型定义，写出输出并说明算法功能,"(1)30,2,10,9,5,3；(2)按给定数据建顺序表，偶数从表头插入、奇数从表尾插入",是,"题面仅有""顺序表类型定义如下""与图片；本卷原题号为30",顺序表算法阅读与设计,C2,第2章 线性表
02331 数据结构 2021年4月,31,算法,C4,数组算法读数与功能分析,阅读函数f310并写出输出、说明功能,"(1)-38,-256,256,9,25,47,128,4,64；(2)找数组中第一个非负数的位置",是,函数体为图片未抽取；本卷原题号为31,数组与矩阵算法阅读分析,C4,第4章 数组、广义表和串
02331 数据结构 2021年4月,32,算法,C8,二叉排序树算法功能与输出分析,二叉排序树类型定义，写输出并说明算法功能,(1)16 18 25 36 50；(2)查找BST中K1≤key≤K2的元素并升序输出,是,题面仅有类型定义与图片；本卷原题号为32,二叉排序树算法功能分析,C8,第8章 查找
02331 数据结构 2021年4月,33,算法,C7,简单选择排序算法填空,待排序记录类型定义，填空补充排序算法,(1)j<=n；(2)R[j].key<R[k].key；(3)k!=i,是,函数体为图片未抽取；本卷原题号为33,排序算法程序阅读与填空,C7,第7章 内部排序
02331 数据结构 2021年4月,34,算法,C2,单链表复制为双向链表算法设计,编写算法由单链表复制生成双向链表,遍历单链表依次新建结点接续，并设置prior指针,是,原批次顺序编号24，原卷题号34；题面为类型定义，答案据OCR参考程序补全,双向链表操作与构造,C2,第2章 线性表
02331 数据结构 2021年4月,16,填空,C1,数据的运算定义在逻辑结构上,数据的运算即操作是定义在数据的____结构上,逻辑,否,本卷原题号为16，与批次序号错位,逻辑结构与存储结构,C1,第1章 绪论
02331 数据结构 2021年4月,17,填空,C2,顺序表随机访问特性,顺序表访问任一结点的方式____，故时间O(1),随机访问,否,本卷原题号为17,顺序存储的随机存取特性,C2,第2章 线性表
02331 数据结构 2021年4月,18,填空,C3,链队列判空条件,带头结点链队列的头指针与尾指针相等时表示队列____,为空,否,本卷原题号为18,链队列判空条件,C3,第3章 栈和队列
02331 数据结构 2021年4月,19,填空,C4,稀疏矩阵三元组表,稀疏矩阵压缩存储只存非零元素所得顺序结构名称,三元组表,否,本卷原题号为19,稀疏矩阵三元组表,C4,第4章 数组、广义表和串
02331 数据结构 2021年4月,20,填空,C4,广义表表尾tail,"广义表((a),(b,c),(d,e,(f,g,h)))的表尾","((b,c),(d,e,(f,g,h)))",否,本卷原题号为20,广义表表头表尾运算,C4,第4章 数组、广义表和串
02331 数据结构 2021年4月,21,填空,C5,中序线索化用线索取代空指针,中序线索化过程用线索取代什么,空指针,否,本卷原题号为21,线索二叉树与线索化,C5,第5章 树与二叉树
02331 数据结构 2021年4月,22,填空,C6,无向连通图边数取值范围,n个顶点e条边的无向连通图中e的取值范围,n-1≤e≤n(n-1)/2,否,本卷原题号为22,图的顶点度与边数计算,C6,第6章 图结构
02331 数据结构 2021年4月,23,填空,C7,堆排序建大根堆,升序堆排序首先应建立的堆,大根,否,本卷原题号为23,建立大根堆的过程,C7,第7章 内部排序
02331 数据结构 2021年4月,24,填空,C8,无序数组的查找方法,无序数组中进行查找应使用的方法,顺序查找（或线性查找）,否,本卷原题号为24,顺序查找的适用范围,C8,第8章 查找
02331 数据结构 2021年4月,25,填空,C8,B树关键字个数上限,高度为2的4阶B树最多能保存的关键字个数,15,否,本卷原题号为25,B树关键字个数上限,C8,第8章 查找
02331 数据结构 2014年10月,1,单选,C1,逻辑结构与存储结构区分,属于逻辑结构的是,A,否,解析：逻辑结构含集合、线性、树形、图形,逻辑结构与存储结构,C1,第1章 绪论
02331 数据结构 2014年10月,2,单选,C1,算法的输出特性,关于算法输出的正确叙述,C,否,-,算法的定义与五个特性,C1,第1章 绪论
02331 数据结构 2014年10月,3,单选,C2,顺序存储与链式存储相邻性,逻辑相邻元素在两种存储下的相邻性,B,否,-,顺序存储与链式存储的特点比较,C2,第2章 线性表
02331 数据结构 2014年10月,4,单选,C3,栈与队列的先进后出先进先出特性,队列和栈的特征分别是,A,否,-,栈与队列的定义与特性,C3,第3章 栈和队列
02331 数据结构 2014年10月,5,单选,C4,二维数组存储空间计算,a[8][10]每元素占3个存储空间的存储空间数,C,否,8×10×3=240,数组存储单元总数计算,C4,第4章 数组、广义表和串
02331 数据结构 2014年10月,6,单选,C4,广义表长度与深度,"广义表A=(a,(b,e,(e,f,g,h)))的表长",A,否,表长2、深度3,广义表长度计算,C4,第4章 数组、广义表和串
02331 数据结构 2014年10月,7,单选,C5,二叉树结点数与度的关系,只含度0和度2结点的二叉树最少结点数,C,否,答案2k-1；解析表述有误,二叉树性质计算,C5,第5章 树与二叉树
02331 数据结构 2014年10月,8,单选,C5,由遍历序列唯一确定二叉树,可唯一确定二叉树的两种遍历序列,A,否,-,由遍历序列唯一确定二叉树,C5,第5章 树与二叉树
02331 数据结构 2014年10月,9,单选,C6,无向图度与边数关系,无向连通图特性的正确叙述,B,否,各顶点度之和为边数的2倍,图的顶点度与边数计算,C6,第6章 图结构
02331 数据结构 2014年10月,10,单选,C6,广度优先搜索序列不唯一,关于无向图广度优先搜索序列的叙述,C,否,-,深度优先与广度优先搜索,C6,第6章 图结构
02331 数据结构 2014年10月,11,单选,C6,最小生成树性质,带权连通图最小生成树的正确叙述,D,否,-,最小生成树的性质,C6,第6章 图结构
02331 数据结构 2014年10月,12,单选,C7,排序时间复杂度与初始状态相关性,时间复杂度与初始状态相关的排序方法,B,否,快速排序,排序算法与初始状态的关系,C7,第7章 内部排序
02331 数据结构 2014年10月,13,单选,C7,排序算法稳定性与效率比较,效率较高且稳定的排序方法,D,否,归并排序,排序方法的选择与比较,C7,第7章 内部排序
02331 数据结构 2014年10月,14,单选,C8,m阶B树定义,不符合m阶B树定义的叙述,D,否,叶结点用指针链接是B+树特征,m阶B树定义,C8,第8章 查找
02331 数据结构 2014年10月,15,单选,C8,线性探查法探查次数,线性探查法存储85时所需的探查次数,C,否,H(85)=8，经8/9/10/0共探查4次,线性探查法探查次数计算,C8,第8章 查找
02331 数据结构 2014年10月,16,填空,C1,算法与数据结构的关系,算法+____=程序,数据结构,否,-,算法与数据结构的关系,C1,第1章 绪论
02331 数据结构 2014年10月,17,填空,C1,空间复杂度概念,描述算法占用内存空间效率的术语,空间复杂度,否,-,空间复杂度概念,C1,第1章 绪论
02331 数据结构 2014年10月,18,填空,C2,顺序表元素地址计算,首地址2000每元素4字节时第41个元素的地址,2160,否,2000+40×4,顺序表元素存储地址计算,C2,第2章 线性表
02331 数据结构 2014年10月,19,填空,C3,栈的插入删除受限,只能在表的一端插入和删除的线性表,栈,否,-,栈与队列的定义与特性,C3,第3章 栈和队列
02331 数据结构 2014年10月,20,填空,C4,广义表表头表尾,"广义表A=(a,(b,c,(e,f,g,h)))的tail(A)","(b,c,(e,f,g,h))",否,-,广义表表头表尾运算,C4,第4章 数组、广义表和串
02331 数据结构 2014年10月,21,填空,C5,中序线索化空指针域个数,左子树为空的二叉树中序线索化后空指针域数,2,否,-,线索二叉树与线索化,C5,第5章 树与二叉树
02331 数据结构 2014年10月,22,填空,C6,图的链式存储结构,除邻接表外图的另一种链式存储方式,逆邻接表,否,-,图的邻接表存储,C6,第6章 图结构
02331 数据结构 2014年10月,23,填空,C6,迪杰斯特拉算法最短路径条数,迪杰斯特拉算法得某顶点到其余顶点的最短路径条数,n-1,否,-,迪杰斯特拉算法求最短路径,C6,第6章 图结构
02331 数据结构 2014年10月,24,填空,C6,深度优先搜索概念,DFS算法的中文名称,深度优先搜索,否,-,图的遍历概念与辅助结构,C6,第6章 图结构
02331 数据结构 2014年10月,25,填空,C8,二叉排序树最坏情况深度,n个结点二叉排序树最坏情况下的深度,n,否,-,二叉排序树构造形态与高度,C8,第8章 查找
02331 数据结构 2014年10月,26,解答,C3,循环队列操作语句与长度表达式,循环队列入队出队语句序列及队列长度表达式,(1)rear=(rear+1)%N;Q[rear]=X (2)Y=Q[front];front=(front+1)%N (3)L=(rear-front+N)%N,否,原卷为写语句题，按题干性质归为解答类；原答案OCR残缺且入队语句缺失,循环队列元素个数计算,C3,第3章 栈和队列
02331 数据结构 2014年10月,27,解答,C4,稀疏矩阵三元组表定义与画法,稀疏矩阵三元组表的类型定义与行优先三元组表,"类型定义TriTupleNode{int i,j;int v}与TSMatrix",是,矩阵M为图片未提取；原卷PDF仅6页，28~34题缺失（截断）,稀疏矩阵三元组表,C4,第4章 数组、广义表和串
02331 数据结构 2023年10月,1,单选,C1,逻辑结构与存储结构区分,需要确定存储方式的数据结构是,C,否,线性表是逻辑结构，需确定存储方式,逻辑结构与存储结构,C1,第1章 绪论
02331 数据结构 2023年10月,2,单选,C2,双向循环链表判空条件,带头结点双向循环链表L为空的判定条件,D,否,head->pre==head且head->next==head,循环链表与双向链表判空条件,C2,第2章 线性表
02331 数据结构 2023年10月,3,单选,C3,合理出栈序列判定,"a,b,c,d,e入栈且首出c时可能的后续出栈序列",B,否,-,合理出栈序列判定,C3,第3章 栈和队列
02331 数据结构 2023年10月,4,单选,C3,循环队列指针运算,入队1个再出队2个后rear与front的值,C,否,均为1（rear指向空单元约定）,循环队列指针变化与下标计算,C3,第3章 栈和队列
02331 数据结构 2023年10月,5,单选,C4,多维数组列优先地址计算,列优先存储时a[2][3]的存储地址,B,否,100+(3×15+2)×4=288,多维数组列优先地址计算,C4,第4章 数组、广义表和串
02331 数据结构 2023年10月,6,单选,C4,广义表长度与深度,"广义表A=((a),(b),((a,b),(a,b,c)))的深度",B,否,-,广义表长度计算,C4,第4章 数组、广义表和串
02331 数据结构 2023年10月,7,单选,C5,完全二叉树叶结点个数,含5个分支结点的完全二叉树的叶结点个数,A,否,5或6,完全二叉树结点数与叶结点计算,C5,第5章 树与二叉树
02331 数据结构 2023年10月,8,单选,C5,哈夫曼树结点数计算,含5个叶结点的哈夫曼树分支结点个数,B,否,叶结点数-1=4,哈夫曼树结点数计算,C5,第5章 树与二叉树
02331 数据结构 2023年10月,9,单选,C6,有向图顶点与边数关系,根结点可达其余顶点的5顶点有向图最少边数,A,否,至少4条边,图的顶点度与边数计算,C6,第6章 图结构
02331 数据结构 2023年10月,10,单选,C6,广度优先搜索遍历序列判定,对题图进行广度优先搜索的正确遍历序列,B,是,题图与选项均为图片，文本抽取为VVVVV,深度优先与广度优先搜索,C6,第6章 图结构
02331 数据结构 2023年10月,11,单选,C6,深度优先搜索遍历序列判定,题图中可构成深度优先搜索的遍历序列,A,是,题图与选项均为图片，文本抽取为VVVVV,深度优先与广度优先搜索,C6,第6章 图结构
02331 数据结构 2023年10月,12,单选,C6,逆邻接表存储特性,逆邻接表顶点表中空指针个数等于,C,否,入度为0的顶点个数,逆邻接表存储特性,C6,第6章 图结构
02331 数据结构 2023年10月,13,单选,C7,排序算法最坏情况比较次数,最坏情况下比较次数最少的排序方法,D,否,归并排序O(nlogn),排序方法时间复杂度比较,C7,第7章 内部排序
02331 数据结构 2023年10月,14,单选,C8,二分查找最大比较次数,2^k个元素有序表二分查找最多比较次数,C,否,k+1,二分查找比较次数,C8,第8章 查找
02331 数据结构 2023年10月,15,单选,C8,m阶B树定义,不符合m阶B树定义的叙述,D,否,结点内至多m个关键字错误，应为m-1,m阶B树定义,C8,第8章 查找
02331 数据结构 2023年10月,16,填空,C1,数据结构三要素,数据结构包含逻辑结构、____和运算三个方面,存储结构,否,-,数据结构的研究内容与三要素,C1,第1章 绪论
02331 数据结构 2023年10月,17,填空,C2,单链表删除操作语句,删除带头结点非空单循环链表开始结点的语句,head->next=head->next->next;,否,-,单链表删除结点指针操作语句,C2,第2章 线性表
02331 数据结构 2023年10月,18,填空,C8,散列存储适用场合,频繁按关键字查找时宜选的存储结构,散列存储,否,-,散列存储的适用场合,C8,第8章 查找
02331 数据结构 2023年10月,19,填空,C3,队列出队入队操作,出队2次再入队2和4后待出队列的元素序列,"5,7,2,4",否,-,队列出队入队元素序列,C3,第3章 栈和队列
02331 数据结构 2023年10月,20,填空,C4,广义表表头表尾,"广义表L=((ab),c,(e,f),(g,h))的head(L)","(a,b)",否,"原卷(ab)疑被OCR拆为(a,b)",广义表表头表尾运算,C4,第4章 数组、广义表和串
02331 数据结构 2023年10月,21,填空,C5,中序遍历序列末结点,二叉树中序遍历最后一个结点是根结点的,最右下方的结点,否,即右子树最右结点,二叉树遍历序列特点,C5,第5章 树与二叉树
02331 数据结构 2023年10月,22,填空,C6,简单路径定义,起点终点可相同而中间顶点不同的路径,简单路径,否,-,路径与连通性概念,C6,第6章 图结构
02331 数据结构 2023年10月,23,填空,C6,拓扑序列性质,有向无环图中Vi必位于Vj之前的序列,拓扑,否,-,拓扑序列的存在条件,C6,第6章 图结构
02331 数据结构 2023年10月,24,填空,C7,希尔排序增量取值范围,n个元素线性表希尔排序初始增量s取值范围,1≤s＜n,否,-,希尔排序增量序列性质,C7,第7章 内部排序
02331 数据结构 2023年10月,25,填空,C7,排序算法与初始状态比较,已有序时快速排序与冒泡排序的效率比较,冒泡排序,否,-,排序算法与初始状态的关系,C7,第7章 内部排序
02331 数据结构 2023年10月,26,解答,C3,顺序栈判空与出栈操作语句,栈底在下标0端，写判栈非空与连续k次出栈语句,(1)top>=0 (2)循环k次，判空后Pop(&S),是,OCR补出题面(SeqStack类型定义)；原卷答案区仅存第(1)问且残缺,顺序栈入栈出栈指针操作,C3,第3章 栈和队列
02331 数据结构 2023年10月,27,解答,C5,森林转二叉树与前序遍历,画森林F对应的二叉树T1并写出T1的前序遍历序列,-,是,OCR补出题面；森林F题图与答案均缺失，无法确定,树与二叉树遍历对应关系,C5,第5章 树与二叉树
02331 数据结构 2023年10月,28,解答,C8,线性探查法建表与平均查找长度,H(key)=key%9，线性探查建表并求查找成功ASL,各关键字按线性探查入表；ASL=(1×5+2+4)/7=11/7,否,OCR补出题面与关键字序列；原卷答案缺失，答案由标注推导,线性探查法构造散列表,C8,第8章 查找
02331 数据结构 2023年10月,29,解答,C6,克鲁斯卡尔算法过程,6顶点带权网络用Kruskal求最小生成树并列出构造过程,按权值由小到大选边且不构成回路，共取出5条边,是,OCR补出题面；网络题图缺失，选中边的次序无法确定,克鲁斯卡尔算法求最小生成树,C6,第6章 图结构
02331 数据结构 2023年10月,30,算法,C3,队列与栈程序段功能分析,读f30(Q)，指出队列与栈程序段的功能,队中各元素乘3后按逆序重复入队，队列长度加倍,是,OCR补出题面(f30使用CirQueue与SeqStack)；原卷答案缺失，功能由标注推导,队列与栈程序段功能分析,C3,第3章 栈和队列
02331 数据结构 2023年10月,31,算法,C2,单链表算法阅读与功能分析,读f31(head)，写执行后各元素值并说明功能,"(1)5,1,2,3,4；(2)把链表末结点移到表头",是,OCR补出题面(f31单链表程序)；原卷答案缺失，答案由标注推导,单链表算法阅读与功能分析,C2,第2章 线性表
02331 数据结构 2023年10月,32,算法,C5,二叉树最左下结点查找算法填空,函数f32查找二叉树根结点最左下的结点，填空,(1)return NULL(2)p=p->lchild(3)return p,是,OCR补出题面(f32)；原卷答案缺失，答案由标注推导,二叉树最左下结点查找算法,C5,第5章 树与二叉树
02331 数据结构 2023年10月,33,算法,C8,二叉排序树算法功能分析,"读f33，写f33(t,30,45)的返回值并说明功能",-,是,OCR补出题面(f33为二叉排序树程序)；原卷答案缺失，返回值与功能未能确定,二叉排序树算法功能分析,C8,第8章 查找
02331 数据结构 2023年10月,34,算法,C7,双向冒泡排序算法设计,编写f34用双向冒泡排序法对R按关键字降序排序,两端向中间交替冒泡，每趟把最大、最小元素放到两端,是,OCR补出题面(f34函数原型与排序要求)；原卷答案缺失,排序算法设计题,C7,第7章 内部排序
02331 数据结构 2024年10月【13003】,1,单选,C1,集合结构无逻辑关系判定,任何两个结点之间都没有逻辑关系的是,C,否,-,线性结构与非线性结构判定,C1,第1章 绪论
02331 数据结构 2024年10月【13003】,2,单选,C1,抽象数据类型ADT定义,定义抽象数据类型时不需要做的事情,C,否,无需实现类型上的操作,抽象数据类型定义与特性,C1,第1章 绪论
02331 数据结构 2024年10月【13003】,3,单选,C2,单链表插入操作语句,在q和p之间插入s所指结点的操作,D,否,q->next=s;s->next=p;,单链表插入结点指针操作语句,C2,第2章 线性表
02331 数据结构 2024年10月【13003】,4,单选,C3,出栈序列计数,以元素d开头的可能出栈序列个数,B,否,共4个,出栈序列计数,C3,第3章 栈和队列
02331 数据结构 2024年10月【13003】,5,单选,C3,合理出栈序列判定,不可能是出栈序列的选项,A,否,-,合理出栈序列判定,C3,第3章 栈和队列
02331 数据结构 2024年10月【13003】,6,单选,C3,双端队列输出序列判定,输入受限和输出受限双端队列均得不到的序列,C,否,-,双端队列输出序列判定,C3,第3章 栈和队列
02331 数据结构 2024年10月【13003】,7,单选,C4,广义表表头表尾,Head(Tail(Head(Tail(Tail(A)))))的值,D,否,结果为d,广义表表头表尾运算,C4,第4章 数组、广义表和串
02331 数据结构 2024年10月【13003】,8,单选,C4,串的子串数目计算,"串S=""software""的子串数目",C,否,8×9/2=36,串的子串数目计算,C4,第4章 数组、广义表和串
02331 数据结构 2024年10月【13003】,9,单选,C2,单链表判空条件,带头结点单链表为空的判定条件,B,否,head->next==NULL,单链表判空条件,C2,第2章 线性表
02331 数据结构 2024年10月【13003】,10,单选,C4,三元组表存储内容,稀疏矩阵三元组存储结构还包含的内容,B,否,行数、列数及非零元素个数,稀疏矩阵三元组表,C4,第4章 数组、广义表和串
02331 数据结构 2024年10月【13003】,11,单选,C8,顺序查找平均查找长度,等概率下顺序查找的平均查找长度,A,否,(n+1)/2,顺序查找平均查找长度,C8,第8章 查找
02331 数据结构 2024年10月【13003】,12,单选,C5,由前序中序序列求后序序列,先序abdgcefh与中序dgbaechf对应的后序序列,A,否,gdbehfca,由前序中序序列构造二叉树,C5,第5章 树与二叉树
02331 数据结构 2024年10月【13003】,13,单选,C6,有向图出度入度之和关系,n个顶点有向图中出度之和为d时的入度之和,C,否,入度之和等于出度之和,图的顶点度与边数计算,C6,第6章 图结构
02331 数据结构 2024年10月【13003】,14,单选,C8,二分查找前提条件,二分查找对线性表的要求,B,否,顺序存储且元素有序,二分查找前提条件,C8,第8章 查找
02331 数据结构 2024年10月【13003】,15,单选,C7,排序算法辅助空间比较,辅助空间为O(n)的排序方法,D,否,归并排序,排序算法空间复杂度比较,C7,第7章 内部排序
02331 数据结构 2024年10月【13003】,26,解答,C8,构造散列函数考虑因素,构造哈希函数时通常考虑的因素,计算时间；关键字长度；表的大小；关键字分布；查找频率,否,原批次顺序编号16，原卷题号26；同源卷标准卷型订正；简答题（问答型），按解答类归入,散列基本思想与散列函数构造,C8,第8章 查找
02331 数据结构 2024年10月【13003】,27,解答,C1,算法的五个特性,简述算法的五个特性,输入；输出；有穷性；确定性；可行性,否,原批次顺序编号17，原卷题号27；同源卷标准卷型订正；简答题（问答型）,算法的定义与五个特性,C1,第1章 绪论
02331 数据结构 2024年10月【13003】,28,解答,C6,邻接矩阵中0元素个数,含n顶点e边无向图邻接矩阵中0的个数,n×n-2e,否,原批次顺序编号18，原卷题号28；同源卷标准卷型订正；简答题（计算型）,邻接矩阵元素统计与含义,C6,第6章 图结构
02331 数据结构 2024年10月【13003】,29,解答,C3,入栈出栈操作串,"写出得到出栈序列2,1,4,3,5的操作过程","push(1),push(2),pop(2),pop(1),push(3),push(4),pop(4),pop(3),push(5),pop(5)",否,原批次顺序编号19，原卷题号29；同源卷标准卷型订正；写操作序列题，按解答类归入,入栈出栈操作串,C3,第3章 栈和队列
02331 数据结构 2024年10月【13003】,30,算法,C2,单链表算法填空,返回指针curr指向结点位置的算法填空,①|| ②ERROR ③temp->next ④count++ ⑤count,否,原批次顺序编号20，原卷题号30；OCR补出程序(返回curr结点位置)，答案为五处空白,单链表算法填空与设计,C2,第2章 线性表
02331 数据结构 2024年10月【13003】,31,算法,C2,顺序表删除元素算法阅读,执行func(&L)后L的状态及算法功能,"L=(19,26,0,74,35)；功能是删除顺序表中负值元素",否,原批次顺序编号21，原卷题号31；OCR补出程序(删除顺序表中负值元素),顺序表算法阅读与设计,C2,第2章 线性表
02331 数据结构 2024年10月【13003】,32,算法,C8,折半查找算法功能分析,折半查找函数返回值及算法功能,key=19返回-1；key=28返回3；功能为折半查找,否,"原批次顺序编号22，原卷题号32；OCR补出程序(折半查找func(R,X,0,6))",二分查找算法填空与功能分析,C8,第8章 查找
02331 数据结构 2024年10月【13003】,33,算法,C7,直接插入排序算法识别,判断算法种类、稳定性及r[0]的作用,直接插入排序；稳定；r[0]为哨兵存放待插入元素,否,原批次顺序编号23，原卷题号33；OCR补出程序(直接插入排序，r[0]为哨兵),排序算法程序阅读与填空,C7,第7章 内部排序
02331 数据结构 2024年10月【13003】,34,算法,C5,后序遍历二叉树递归程序设计,编写后序遍历二叉树的递归程序PostOrder,root非空则递归遍历左、右子树后输出root->data,是,原批次顺序编号24，原卷题号34；OCR补出题面(二叉链表定义+PostOrder)，答案区为空,二叉树遍历递归算法设计,C5,第5章 树与二叉树
02331 数据结构 2024年10月【13003】,16,填空,C1,线性结构定义,数据元素之间存在先后次序关系的结构,线性结构,否,原批次顺序编号25，原卷题号16；同源卷标准卷型订正,线性结构与非线性结构判定,C1,第1章 绪论
02331 数据结构 2024年10月【13003】,17,填空,C2,顺序表元素地址计算,每元素占8单元、首地址100时第6元素末地址,147,否,原批次顺序编号26，原卷题号17；同源卷标准卷型订正；100+5×8+7,顺序表元素存储地址计算,C2,第2章 线性表
02331 数据结构 2024年10月【13003】,18,填空,C2,静态链表概念,在数组中保存的链表称为,静态链表,否,原批次顺序编号27，原卷题号18；同源卷标准卷型订正,静态链表概念,C2,第2章 线性表
02331 数据结构 2024年10月【13003】,19,填空,C6,图的链式存储结构,图的链式存储结构以____为代表,邻接表,否,原批次顺序编号28，原卷题号19；同源卷标准卷型订正,图的邻接表存储,C6,第6章 图结构
02331 数据结构 2024年10月【13003】,20,填空,C4,广义表长度与深度,"广义表G=(a,b,(c,d,(e,f)),g)的长度",4,否,原批次顺序编号29，原卷题号20；同源卷标准卷型订正,广义表长度计算,C4,第4章 数组、广义表和串
02331 数据结构 2024年10月【13003】,21,填空,C3,链式队列存储结构,链式队列采用带头指针及尾指针的____,单链表,否,原批次顺序编号30，原卷题号21；同源卷标准卷型订正,链式队列存储与出队指针操作,C3,第3章 栈和队列
02331 数据结构 2024年10月【13003】,22,填空,C5,二叉树结点数与度的关系,20个结点含5个叶结点时度为1的结点数,11,否,原批次顺序编号31，原卷题号22；同源卷标准卷型订正；n1=20-5-4=11,二叉树性质计算,C5,第5章 树与二叉树
02331 数据结构 2024年10月【13003】,23,填空,C7,排序效率影响因素,影响排序效率的两个因素之一,比较,否,原批次顺序编号32，原卷题号23；同源卷标准卷型订正；关键字比较次数与记录移动次数,内排序基本概念,C7,第7章 内部排序
02331 数据结构 2024年10月【13003】,24,填空,C7,起泡排序比较次数计算,对已升序序列进行降序起泡排序的比较次数,15,否,原批次顺序编号33，原卷题号24；同源卷标准卷型订正；5+4+3+2+1=15,排序方法时间复杂度比较,C7,第7章 内部排序
02331 数据结构 2024年10月【13003】,25,填空,C6,最小生成树边数,n个顶点的连通图最小生成树的边数,n-1,否,原批次顺序编号34，原卷题号25；同源卷标准卷型订正,最小生成树的边数,C6,第6章 图结构
